system:index,aspect,latitude,longitude,.geo
2_0,1,67.60709869664038,-51.20158233693326,"{""type"":""MultiPoint"",""coordinates"":[]}"
14_0,1,78.79956096689614,-69.81098063558755,"{""type"":""MultiPoint"",""coordinates"":[]}"
18_0,4,79.51038345056354,-61.5263261705961,"{""type"":""MultiPoint"",""coordinates"":[]}"
19_0,1,59.848151576875125,-44.058391430167845,"{""type"":""MultiPoint"",""coordinates"":[]}"
27_0,2,78.8597402992098,-68.54291794271508,"{""type"":""MultiPoint"",""coordinates"":[]}"
33_0,4,72.00029927549353,-55.563245065915574,"{""type"":""MultiPoint"",""coordinates"":[]}"
36_0,3,60.63878109834196,-43.32283252055712,"{""type"":""MultiPoint"",""coordinates"":[]}"
37_0,1,76.41000538923207,-62.32975626476388,"{""type"":""MultiPoint"",""coordinates"":[]}"
42_0,3,63.528988170862256,-50.08704100641757,"{""type"":""MultiPoint"",""coordinates"":[]}"
43_0,4,61.85837492741926,-49.44054544983211,"{""type"":""MultiPoint"",""coordinates"":[]}"
50_0,4,80.38796999268553,-60.363943379486095,"{""type"":""MultiPoint"",""coordinates"":[]}"
53_0,4,68.3111513405981,-49.37467034079807,"{""type"":""MultiPoint"",""coordinates"":[]}"
60_0,3,65.56998972538668,-51.5918077362185,"{""type"":""MultiPoint"",""coordinates"":[]}"
63_0,2,71.91876060223865,-51.464528846450015,"{""type"":""MultiPoint"",""coordinates"":[]}"
74_0,2,73.23640465047069,-54.82137882093435,"{""type"":""MultiPoint"",""coordinates"":[]}"
78_0,1,60.015767967400045,-44.73951154374365,"{""type"":""MultiPoint"",""coordinates"":[]}"
80_0,4,60.87856608298428,-44.51091241157717,"{""type"":""MultiPoint"",""coordinates"":[]}"
88_0,2,65.23034460190685,-50.60574217266904,"{""type"":""MultiPoint"",""coordinates"":[]}"
92_0,4,71.92481407112061,-51.99287670420522,"{""type"":""MultiPoint"",""coordinates"":[]}"
94_0,4,61.92397248315438,-48.380998003128965,"{""type"":""MultiPoint"",""coordinates"":[]}"
97_0,1,61.78602108739512,-47.69378747536234,"{""type"":""MultiPoint"",""coordinates"":[]}"
100_0,1,69.6824862742389,-53.402704792185034,"{""type"":""MultiPoint"",""coordinates"":[]}"
102_0,4,66.29423590214913,-53.26951846896766,"{""type"":""MultiPoint"",""coordinates"":[]}"
112_0,1,72.25983906961403,-53.66901005998658,"{""type"":""MultiPoint"",""coordinates"":[]}"
140_0,4,60.81121572863311,-44.23529730677444,"{""type"":""MultiPoint"",""coordinates"":[]}"
142_0,3,63.40319717164283,-50.152321000628106,"{""type"":""MultiPoint"",""coordinates"":[]}"
146_0,2,73.64653707335061,-53.517260810840966,"{""type"":""MultiPoint"",""coordinates"":[]}"
150_0,3,76.7806539828125,-67.16169971606661,"{""type"":""MultiPoint"",""coordinates"":[]}"
156_0,1,72.45813806895815,-52.306520611325205,"{""type"":""MultiPoint"",""coordinates"":[]}"
164_0,4,67.7960443163363,-50.33334608959121,"{""type"":""MultiPoint"",""coordinates"":[]}"
168_0,4,60.51172018376907,-44.02921605539661,"{""type"":""MultiPoint"",""coordinates"":[]}"
187_0,2,66.89640595398342,-49.97473193098225,"{""type"":""MultiPoint"",""coordinates"":[]}"
188_0,1,73.08614052856043,-55.520653468432904,"{""type"":""MultiPoint"",""coordinates"":[]}"
190_0,3,63.451419747763545,-50.13451613064026,"{""type"":""MultiPoint"",""coordinates"":[]}"
197_0,2,68.27155490595507,-51.721222672277094,"{""type"":""MultiPoint"",""coordinates"":[]}"
203_0,1,65.67857311219011,-51.84668882623755,"{""type"":""MultiPoint"",""coordinates"":[]}"
208_0,2,79.50245838860876,-64.21676981117349,"{""type"":""MultiPoint"",""coordinates"":[]}"
211_0,4,76.52253261003037,-65.93147849794885,"{""type"":""MultiPoint"",""coordinates"":[]}"
215_0,2,66.47401562863465,-51.29561770354232,"{""type"":""MultiPoint"",""coordinates"":[]}"
219_0,1,60.17755329723556,-43.51652447978241,"{""type"":""MultiPoint"",""coordinates"":[]}"
230_0,3,75.80173971510554,-58.88430378521024,"{""type"":""MultiPoint"",""coordinates"":[]}"
237_0,3,64.61350527754331,-49.70727521031234,"{""type"":""MultiPoint"",""coordinates"":[]}"
240_0,4,70.98239664828236,-50.618704923022676,"{""type"":""MultiPoint"",""coordinates"":[]}"
241_0,4,75.70724482343942,-57.81356889130144,"{""type"":""MultiPoint"",""coordinates"":[]}"
246_0,3,80.12700023800271,-62.877219913179665,"{""type"":""MultiPoint"",""coordinates"":[]}"
254_0,2,61.51512480422901,-46.283138090687636,"{""type"":""MultiPoint"",""coordinates"":[]}"
257_0,1,80.36193840579256,-61.69976867568762,"{""type"":""MultiPoint"",""coordinates"":[]}"
261_0,4,66.04264852037083,-53.197210702472944,"{""type"":""MultiPoint"",""coordinates"":[]}"
263_0,4,75.50189974430357,-57.55282152187799,"{""type"":""MultiPoint"",""coordinates"":[]}"
272_0,1,76.84141085412095,-68.70523820873017,"{""type"":""MultiPoint"",""coordinates"":[]}"
284_0,1,69.80590446557625,-52.88440383286917,"{""type"":""MultiPoint"",""coordinates"":[]}"
285_0,4,70.6647943677293,-51.09115150669484,"{""type"":""MultiPoint"",""coordinates"":[]}"
297_0,4,73.24951377934933,-54.479335396205414,"{""type"":""MultiPoint"",""coordinates"":[]}"
303_0,1,79.1917752938942,-64.92265608461959,"{""type"":""MultiPoint"",""coordinates"":[]}"
315_0,1,64.71669315636376,-49.09515314125396,"{""type"":""MultiPoint"",""coordinates"":[]}"
326_0,4,62.44144649882191,-48.02446904478141,"{""type"":""MultiPoint"",""coordinates"":[]}"
327_0,1,67.78253771277443,-49.362268219716825,"{""type"":""MultiPoint"",""coordinates"":[]}"
337_0,4,78.56527519374711,-67.68760761285616,"{""type"":""MultiPoint"",""coordinates"":[]}"
348_0,4,79.05954305983228,-63.93493654826202,"{""type"":""MultiPoint"",""coordinates"":[]}"
350_0,2,60.70254713828431,-43.55593385643725,"{""type"":""MultiPoint"",""coordinates"":[]}"
351_0,1,81.14437961013785,-63.419868010080016,"{""type"":""MultiPoint"",""coordinates"":[]}"
352_0,1,78.71026918926161,-67.80488293670403,"{""type"":""MultiPoint"",""coordinates"":[]}"
356_0,2,80.74905250674716,-58.832827353897734,"{""type"":""MultiPoint"",""coordinates"":[]}"
370_0,1,66.28459237666729,-49.30861984759933,"{""type"":""MultiPoint"",""coordinates"":[]}"
391_0,4,66.58199534730939,-51.895340281760205,"{""type"":""MultiPoint"",""coordinates"":[]}"
400_0,2,80.77600209304296,-62.58444223987323,"{""type"":""MultiPoint"",""coordinates"":[]}"
403_0,2,62.40669654471417,-48.778038341058405,"{""type"":""MultiPoint"",""coordinates"":[]}"
419_0,3,72.41665787659589,-54.431402720271095,"{""type"":""MultiPoint"",""coordinates"":[]}"
421_0,2,69.12133474532507,-50.24797931852833,"{""type"":""MultiPoint"",""coordinates"":[]}"
431_0,4,80.28102206577735,-67.0464125581505,"{""type"":""MultiPoint"",""coordinates"":[]}"
433_0,3,66.9402784282991,-50.14810826387799,"{""type"":""MultiPoint"",""coordinates"":[]}"
440_0,3,69.68955015277795,-53.11916526224636,"{""type"":""MultiPoint"",""coordinates"":[]}"
445_0,1,64.17239827697104,-49.943477194058765,"{""type"":""MultiPoint"",""coordinates"":[]}"
447_0,1,72.97366718053418,-54.38473860483873,"{""type"":""MultiPoint"",""coordinates"":[]}"
449_0,1,76.88814233639293,-66.05769899932774,"{""type"":""MultiPoint"",""coordinates"":[]}"
473_0,1,76.22817779848015,-65.41063272076092,"{""type"":""MultiPoint"",""coordinates"":[]}"
477_0,3,72.44254171194522,-54.16691734755734,"{""type"":""MultiPoint"",""coordinates"":[]}"
488_0,4,65.95380292894566,-53.21842231428125,"{""type"":""MultiPoint"",""coordinates"":[]}"
494_0,2,77.35004706161988,-65.81683551346815,"{""type"":""MultiPoint"",""coordinates"":[]}"
499_0,2,61.08314091276232,-47.36737233213184,"{""type"":""MultiPoint"",""coordinates"":[]}"
501_0,3,77.87048761374773,-68.58882518591649,"{""type"":""MultiPoint"",""coordinates"":[]}"
503_0,2,71.15306187050231,-53.49678781863812,"{""type"":""MultiPoint"",""coordinates"":[]}"
506_0,4,62.00799190265117,-48.24305174719272,"{""type"":""MultiPoint"",""coordinates"":[]}"
508_0,3,71.75601583005405,-51.94418540436436,"{""type"":""MultiPoint"",""coordinates"":[]}"
524_0,4,61.39764132463095,-45.472968933729526,"{""type"":""MultiPoint"",""coordinates"":[]}"
534_0,2,80.97300408215611,-63.105793886270376,"{""type"":""MultiPoint"",""coordinates"":[]}"
535_0,2,79.12909232143787,-65.84733387382846,"{""type"":""MultiPoint"",""coordinates"":[]}"
544_0,1,65.7781963709693,-50.395133622512155,"{""type"":""MultiPoint"",""coordinates"":[]}"
547_0,2,61.22212401298731,-46.88197827837601,"{""type"":""MultiPoint"",""coordinates"":[]}"
574_0,1,70.08623470663228,-51.06889483573101,"{""type"":""MultiPoint"",""coordinates"":[]}"
587_0,2,69.5652365775191,-50.57064305543104,"{""type"":""MultiPoint"",""coordinates"":[]}"
600_0,3,75.30627953465756,-57.97583023519113,"{""type"":""MultiPoint"",""coordinates"":[]}"
610_0,2,61.65811602481081,-47.12082555161697,"{""type"":""MultiPoint"",""coordinates"":[]}"
622_0,2,66.29816039691062,-50.03103796561511,"{""type"":""MultiPoint"",""coordinates"":[]}"
624_0,4,76.84866418058486,-66.23993016007147,"{""type"":""MultiPoint"",""coordinates"":[]}"
630_0,1,69.78702477543376,-51.11761943450426,"{""type"":""MultiPoint"",""coordinates"":[]}"
634_0,3,63.71634542267945,-50.70094761543902,"{""type"":""MultiPoint"",""coordinates"":[]}"
646_0,4,80.91456604312377,-59.883139590673416,"{""type"":""MultiPoint"",""coordinates"":[]}"
649_0,4,73.41756619161781,-53.17311517731527,"{""type"":""MultiPoint"",""coordinates"":[]}"
651_0,1,67.95844776090392,-51.78062172543657,"{""type"":""MultiPoint"",""coordinates"":[]}"
658_0,1,76.26707902411977,-61.64526541479139,"{""type"":""MultiPoint"",""coordinates"":[]}"
675_0,2,76.28626885440558,-61.66945880066977,"{""type"":""MultiPoint"",""coordinates"":[]}"
687_0,1,80.59467489135392,-61.83415116808652,"{""type"":""MultiPoint"",""coordinates"":[]}"
690_0,4,61.177853644738214,-45.181571157445745,"{""type"":""MultiPoint"",""coordinates"":[]}"
691_0,4,61.81515169203316,-47.7924782345125,"{""type"":""MultiPoint"",""coordinates"":[]}"
693_0,4,62.33138889950058,-47.56125306797537,"{""type"":""MultiPoint"",""coordinates"":[]}"
694_0,4,61.760349757222166,-47.6728551429761,"{""type"":""MultiPoint"",""coordinates"":[]}"
706_0,3,66.80557388885418,-51.094167035642734,"{""type"":""MultiPoint"",""coordinates"":[]}"
708_0,1,66.93079682075381,-50.91436844837538,"{""type"":""MultiPoint"",""coordinates"":[]}"
724_0,2,76.88970514031624,-67.47060199706316,"{""type"":""MultiPoint"",""coordinates"":[]}"
733_0,2,78.5129747112644,-67.88641742266923,"{""type"":""MultiPoint"",""coordinates"":[]}"
744_0,2,67.01917486199943,-52.864721068457555,"{""type"":""MultiPoint"",""coordinates"":[]}"
748_0,1,80.45731769870619,-63.21809262566716,"{""type"":""MultiPoint"",""coordinates"":[]}"
750_0,3,76.8447735701455,-67.04303064659923,"{""type"":""MultiPoint"",""coordinates"":[]}"
758_0,1,66.8239261202205,-52.24653277570195,"{""type"":""MultiPoint"",""coordinates"":[]}"
761_0,1,75.45771767956836,-57.61004708973781,"{""type"":""MultiPoint"",""coordinates"":[]}"
762_0,1,72.20804612634375,-53.44631391002086,"{""type"":""MultiPoint"",""coordinates"":[]}"
769_0,3,66.38911685396967,-52.3938748284338,"{""type"":""MultiPoint"",""coordinates"":[]}"
772_0,1,65.56573121718998,-51.341605060648476,"{""type"":""MultiPoint"",""coordinates"":[]}"
797_0,1,80.19675815321443,-59.510139922154735,"{""type"":""MultiPoint"",""coordinates"":[]}"
802_0,4,63.74707783664474,-50.91891327481332,"{""type"":""MultiPoint"",""coordinates"":[]}"
812_0,2,67.13395032703892,-53.159166832308784,"{""type"":""MultiPoint"",""coordinates"":[]}"
817_0,4,74.590026599357,-56.018149075135874,"{""type"":""MultiPoint"",""coordinates"":[]}"
818_0,4,65.32063726805191,-49.507840657974825,"{""type"":""MultiPoint"",""coordinates"":[]}"
819_0,2,61.30583179440706,-46.970826054820094,"{""type"":""MultiPoint"",""coordinates"":[]}"
823_0,1,64.91978598450963,-50.22112357307426,"{""type"":""MultiPoint"",""coordinates"":[]}"
841_0,1,60.547994851766376,-44.604523555524935,"{""type"":""MultiPoint"",""coordinates"":[]}"
846_0,4,70.39415807312798,-50.097649675400675,"{""type"":""MultiPoint"",""coordinates"":[]}"
862_0,1,65.96802333985924,-53.42959234177105,"{""type"":""MultiPoint"",""coordinates"":[]}"
885_0,3,65.0556851214499,-49.80196453330235,"{""type"":""MultiPoint"",""coordinates"":[]}"
887_0,1,80.77922739058741,-62.48276209819922,"{""type"":""MultiPoint"",""coordinates"":[]}"
896_0,3,71.91556454705157,-53.999173246232814,"{""type"":""MultiPoint"",""coordinates"":[]}"
898_0,3,68.4042295937426,-50.74552679292638,"{""type"":""MultiPoint"",""coordinates"":[]}"
904_0,1,78.46173617194796,-72.38038351968554,"{""type"":""MultiPoint"",""coordinates"":[]}"
913_0,2,77.22459734305453,-67.71343929063595,"{""type"":""MultiPoint"",""coordinates"":[]}"
944_0,4,73.28994691341343,-54.51555424749631,"{""type"":""MultiPoint"",""coordinates"":[]}"
948_0,1,69.93388526584442,-54.54684881434969,"{""type"":""MultiPoint"",""coordinates"":[]}"
952_0,4,76.2763237056708,-61.648903242546105,"{""type"":""MultiPoint"",""coordinates"":[]}"
963_0,4,65.33864823262536,-50.97947883666297,"{""type"":""MultiPoint"",""coordinates"":[]}"
971_0,1,63.43572915357324,-49.271446306581254,"{""type"":""MultiPoint"",""coordinates"":[]}"
974_0,4,79.91184024106609,-62.55837856066323,"{""type"":""MultiPoint"",""coordinates"":[]}"
975_0,4,68.72928242513616,-49.334580278789275,"{""type"":""MultiPoint"",""coordinates"":[]}"
976_0,3,65.66386206341322,-50.764939895550526,"{""type"":""MultiPoint"",""coordinates"":[]}"
985_0,2,78.06104551755777,-68.99162523033684,"{""type"":""MultiPoint"",""coordinates"":[]}"
1012_0,1,79.98924560654153,-59.70225022051469,"{""type"":""MultiPoint"",""coordinates"":[]}"
1021_0,4,67.56111826899387,-49.30406955492365,"{""type"":""MultiPoint"",""coordinates"":[]}"
1034_0,3,74.4550155904482,-56.230331099556345,"{""type"":""MultiPoint"",""coordinates"":[]}"
1036_0,3,70.09355192728009,-52.16254882420317,"{""type"":""MultiPoint"",""coordinates"":[]}"
1037_0,4,66.91873875878699,-50.77023003851494,"{""type"":""MultiPoint"",""coordinates"":[]}"
1040_0,4,79.15839274732107,-64.25951296083402,"{""type"":""MultiPoint"",""coordinates"":[]}"
1048_0,1,78.22455633627563,-69.9692970970163,"{""type"":""MultiPoint"",""coordinates"":[]}"
1060_0,1,79.34627620782604,-64.82533489147623,"{""type"":""MultiPoint"",""coordinates"":[]}"
1065_0,3,61.966239919773564,-48.10459480496998,"{""type"":""MultiPoint"",""coordinates"":[]}"
1066_0,3,63.44951738124848,-50.13806544795676,"{""type"":""MultiPoint"",""coordinates"":[]}"
1092_0,2,69.62877736095143,-52.052016763903055,"{""type"":""MultiPoint"",""coordinates"":[]}"
1097_0,2,65.30991363617231,-50.78135585121721,"{""type"":""MultiPoint"",""coordinates"":[]}"
1100_0,2,76.30082426600761,-61.07895717685041,"{""type"":""MultiPoint"",""coordinates"":[]}"
1112_0,4,61.856573856067456,-47.73402478742299,"{""type"":""MultiPoint"",""coordinates"":[]}"
1124_0,4,65.28551765336469,-51.36905916531091,"{""type"":""MultiPoint"",""coordinates"":[]}"
1126_0,2,72.86204586305425,-53.72030392975388,"{""type"":""MultiPoint"",""coordinates"":[]}"
1128_0,2,65.04002819875888,-49.484809965584816,"{""type"":""MultiPoint"",""coordinates"":[]}"
1131_0,2,61.901098122302464,-47.0697194972682,"{""type"":""MultiPoint"",""coordinates"":[]}"
1136_0,4,65.79865171074624,-49.52195671485231,"{""type"":""MultiPoint"",""coordinates"":[]}"
1161_0,1,67.57301658145151,-53.653893473871456,"{""type"":""MultiPoint"",""coordinates"":[]}"
1162_0,1,67.10859725558679,-51.71903127339688,"{""type"":""MultiPoint"",""coordinates"":[]}"
1163_0,4,70.49976144850234,-50.471286125389604,"{""type"":""MultiPoint"",""coordinates"":[]}"
1181_0,1,67.41412389198452,-53.287085659983305,"{""type"":""MultiPoint"",""coordinates"":[]}"
1188_0,1,65.62272148890607,-53.01640720200291,"{""type"":""MultiPoint"",""coordinates"":[]}"
1189_0,1,77.3566022990122,-67.41503998792746,"{""type"":""MultiPoint"",""coordinates"":[]}"
1191_0,1,77.14750631892149,-69.17597851068517,"{""type"":""MultiPoint"",""coordinates"":[]}"
1192_0,2,69.95048832690468,-50.06104785458501,"{""type"":""MultiPoint"",""coordinates"":[]}"
1195_0,1,65.68254637895333,-49.65451921122369,"{""type"":""MultiPoint"",""coordinates"":[]}"
1199_0,1,79.9390657302821,-60.169569726803765,"{""type"":""MultiPoint"",""coordinates"":[]}"
1221_0,1,64.61975535486076,-49.87725503684226,"{""type"":""MultiPoint"",""coordinates"":[]}"
1223_0,2,76.2202925789278,-59.468981419099116,"{""type"":""MultiPoint"",""coordinates"":[]}"
1224_0,4,61.813103381770176,-47.018812284899624,"{""type"":""MultiPoint"",""coordinates"":[]}"
1231_0,3,63.92342388707804,-51.149005351489414,"{""type"":""MultiPoint"",""coordinates"":[]}"
1240_0,3,68.39969066973846,-51.00710536882729,"{""type"":""MultiPoint"",""coordinates"":[]}"
1251_0,4,71.4133773511803,-51.60318324170263,"{""type"":""MultiPoint"",""coordinates"":[]}"
1253_0,1,61.70310375417088,-48.77214295451444,"{""type"":""MultiPoint"",""coordinates"":[]}"
1256_0,2,68.21405064717099,-49.98065426918376,"{""type"":""MultiPoint"",""coordinates"":[]}"
1273_0,3,78.72102006221579,-67.33182238985182,"{""type"":""MultiPoint"",""coordinates"":[]}"
1282_0,2,61.38901335733259,-46.64330291851253,"{""type"":""MultiPoint"",""coordinates"":[]}"
1283_0,4,68.8680658249988,-49.3687059768861,"{""type"":""MultiPoint"",""coordinates"":[]}"
1284_0,4,63.51880779889961,-48.9271557137974,"{""type"":""MultiPoint"",""coordinates"":[]}"
1286_0,4,62.01383847905966,-48.47400428009825,"{""type"":""MultiPoint"",""coordinates"":[]}"
1290_0,4,71.44833932240634,-52.37924179975806,"{""type"":""MultiPoint"",""coordinates"":[]}"
1301_0,3,64.28988549808257,-49.72313477622928,"{""type"":""MultiPoint"",""coordinates"":[]}"
1304_0,4,73.84842428825343,-55.334822771783706,"{""type"":""MultiPoint"",""coordinates"":[]}"
1308_0,4,80.35068117764806,-63.43494882292201,"{""type"":""MultiPoint"",""coordinates"":[]}"
1320_0,3,80.53913140482831,-64.7157386433258,"{""type"":""MultiPoint"",""coordinates"":[]}"
1323_0,2,73.49342947649862,-53.37227690720652,"{""type"":""MultiPoint"",""coordinates"":[]}"
1332_0,2,80.4950875055513,-64.70275170247002,"{""type"":""MultiPoint"",""coordinates"":[]}"
1335_0,4,61.866042399757525,-46.867819032928935,"{""type"":""MultiPoint"",""coordinates"":[]}"
1336_0,4,80.3581803054602,-64.08573387050608,"{""type"":""MultiPoint"",""coordinates"":[]}"
1343_0,2,78.03616759529952,-71.75616118024024,"{""type"":""MultiPoint"",""coordinates"":[]}"
1357_0,4,81.11680899674934,-62.97265362829614,"{""type"":""MultiPoint"",""coordinates"":[]}"
1362_0,4,74.78397139910267,-57.15728093911653,"{""type"":""MultiPoint"",""coordinates"":[]}"
1364_0,1,76.44456060487006,-68.48013497686851,"{""type"":""MultiPoint"",""coordinates"":[]}"
1366_0,4,66.32233083365584,-49.63392031406938,"{""type"":""MultiPoint"",""coordinates"":[]}"
1379_0,4,61.91210960943355,-46.9301312209906,"{""type"":""MultiPoint"",""coordinates"":[]}"
1387_0,4,61.04729900577305,-45.35249137005901,"{""type"":""MultiPoint"",""coordinates"":[]}"
1390_0,3,75.26822260282233,-57.699633558781024,"{""type"":""MultiPoint"",""coordinates"":[]}"
1391_0,2,61.66656205094365,-49.038548195367454,"{""type"":""MultiPoint"",""coordinates"":[]}"
1410_0,3,75.88423137545078,-58.85265885049595,"{""type"":""MultiPoint"",""coordinates"":[]}"
1423_0,2,61.93785310572082,-47.605331983778726,"{""type"":""MultiPoint"",""coordinates"":[]}"
1424_0,4,74.11950550784624,-54.83617312896122,"{""type"":""MultiPoint"",""coordinates"":[]}"
1431_0,4,61.199665256043374,-47.17929564316982,"{""type"":""MultiPoint"",""coordinates"":[]}"
1432_0,1,80.61781063693425,-62.44228188626387,"{""type"":""MultiPoint"",""coordinates"":[]}"
1461_0,4,66.0236619432157,-52.87419024858504,"{""type"":""MultiPoint"",""coordinates"":[]}"
1463_0,2,74.25198754230212,-55.029251741393765,"{""type"":""MultiPoint"",""coordinates"":[]}"
1470_0,4,75.5515864641283,-57.462836550013364,"{""type"":""MultiPoint"",""coordinates"":[]}"
1478_0,4,65.92279291141696,-52.53410955208434,"{""type"":""MultiPoint"",""coordinates"":[]}"
1479_0,4,65.5610607183573,-49.681997336711014,"{""type"":""MultiPoint"",""coordinates"":[]}"
1491_0,4,64.68512241561064,-51.987014733786616,"{""type"":""MultiPoint"",""coordinates"":[]}"
1494_0,3,75.16564811657256,-57.798450112598296,"{""type"":""MultiPoint"",""coordinates"":[]}"
1507_0,3,63.448001132594904,-50.75130400229333,"{""type"":""MultiPoint"",""coordinates"":[]}"
1508_0,4,70.76728965689809,-54.11062087154268,"{""type"":""MultiPoint"",""coordinates"":[]}"
1529_0,3,66.63551007275203,-50.58146922004121,"{""type"":""MultiPoint"",""coordinates"":[]}"
1530_0,2,72.44074590300472,-52.04603581378087,"{""type"":""MultiPoint"",""coordinates"":[]}"
1532_0,4,65.752235674528,-53.18239781991085,"{""type"":""MultiPoint"",""coordinates"":[]}"
1535_0,3,80.3254635839652,-67.43650632412196,"{""type"":""MultiPoint"",""coordinates"":[]}"
1547_0,4,78.62404503781336,-66.1825919639259,"{""type"":""MultiPoint"",""coordinates"":[]}"
1557_0,3,70.02066544494076,-51.47046446944385,"{""type"":""MultiPoint"",""coordinates"":[]}"
1560_0,2,64.81092189548066,-49.355581246466905,"{""type"":""MultiPoint"",""coordinates"":[]}"
1561_0,2,67.19484014085434,-53.35289332497787,"{""type"":""MultiPoint"",""coordinates"":[]}"
1570_0,1,70.57663429678432,-52.93856260981596,"{""type"":""MultiPoint"",""coordinates"":[]}"
1586_0,3,60.18919560710595,-43.481195605382126,"{""type"":""MultiPoint"",""coordinates"":[]}"
1592_0,4,77.13126619102087,-65.40033622879517,"{""type"":""MultiPoint"",""coordinates"":[]}"
1593_0,3,66.66089513079638,-49.38464276871574,"{""type"":""MultiPoint"",""coordinates"":[]}"
1594_0,3,64.45414577549553,-51.68757917968167,"{""type"":""MultiPoint"",""coordinates"":[]}"
1600_0,4,75.96977848567356,-59.295572730136705,"{""type"":""MultiPoint"",""coordinates"":[]}"
1609_0,1,72.55020343081469,-52.64931584585133,"{""type"":""MultiPoint"",""coordinates"":[]}"
1613_0,2,80.63344776989061,-61.94157556343838,"{""type"":""MultiPoint"",""coordinates"":[]}"
1619_0,1,69.21132349076184,-50.71635435201395,"{""type"":""MultiPoint"",""coordinates"":[]}"
1628_0,2,66.08151262798815,-52.893904915415725,"{""type"":""MultiPoint"",""coordinates"":[]}"
1643_0,1,64.42029343241848,-48.85846602814882,"{""type"":""MultiPoint"",""coordinates"":[]}"
1649_0,1,68.86664261116488,-50.13346977489426,"{""type"":""MultiPoint"",""coordinates"":[]}"
1654_0,3,76.18437501429825,-67.90038095781767,"{""type"":""MultiPoint"",""coordinates"":[]}"
1660_0,3,69.87492880996814,-52.68629452758779,"{""type"":""MultiPoint"",""coordinates"":[]}"
1662_0,2,61.92122925050251,-47.396633641801884,"{""type"":""MultiPoint"",""coordinates"":[]}"
1698_0,2,77.70630578725176,-69.95267276125055,"{""type"":""MultiPoint"",""coordinates"":[]}"
1701_0,2,74.21325043476624,-54.72017036220806,"{""type"":""MultiPoint"",""coordinates"":[]}"
1716_0,2,76.29686305398734,-65.24800877981569,"{""type"":""MultiPoint"",""coordinates"":[]}"
1727_0,1,78.20322663014166,-68.34409733130865,"{""type"":""MultiPoint"",""coordinates"":[]}"
1737_0,1,66.14333807625943,-53.48936341773141,"{""type"":""MultiPoint"",""coordinates"":[]}"
1739_0,4,61.64316772333966,-46.1794362318468,"{""type"":""MultiPoint"",""coordinates"":[]}"
1758_0,3,76.24548320383565,-65.54394946897655,"{""type"":""MultiPoint"",""coordinates"":[]}"
1762_0,1,61.83276667876193,-48.86404613008222,"{""type"":""MultiPoint"",""coordinates"":[]}"
1778_0,4,62.40896570111912,-49.993452865559064,"{""type"":""MultiPoint"",""coordinates"":[]}"
1786_0,3,67.32381080373924,-52.202432607802606,"{""type"":""MultiPoint"",""coordinates"":[]}"
1787_0,4,62.82579886096993,-49.44795647726457,"{""type"":""MultiPoint"",""coordinates"":[]}"
1799_0,1,66.79804261676152,-49.1992532576708,"{""type"":""MultiPoint"",""coordinates"":[]}"
1804_0,4,77.49959339426304,-65.32269764580654,"{""type"":""MultiPoint"",""coordinates"":[]}"
1819_0,3,67.43343640307252,-52.485893250960586,"{""type"":""MultiPoint"",""coordinates"":[]}"
1822_0,4,77.8450045275462,-69.79058441966407,"{""type"":""MultiPoint"",""coordinates"":[]}"
1829_0,4,69.37587967053261,-50.0951685874481,"{""type"":""MultiPoint"",""coordinates"":[]}"
1846_0,4,60.160854817753396,-44.720848917780245,"{""type"":""MultiPoint"",""coordinates"":[]}"
1854_0,3,61.78321164900104,-48.77593128277267,"{""type"":""MultiPoint"",""coordinates"":[]}"
1855_0,1,66.75631603134514,-52.51911619303229,"{""type"":""MultiPoint"",""coordinates"":[]}"
1858_0,1,78.3288906862295,-72.21347200796502,"{""type"":""MultiPoint"",""coordinates"":[]}"
1859_0,2,65.1968290605055,-51.252516913700816,"{""type"":""MultiPoint"",""coordinates"":[]}"
1875_0,2,75.65690368116782,-58.332329558877625,"{""type"":""MultiPoint"",""coordinates"":[]}"
1882_0,1,76.2980727623644,-60.811861692725294,"{""type"":""MultiPoint"",""coordinates"":[]}"
1889_0,1,64.50593840800043,-50.52714683118613,"{""type"":""MultiPoint"",""coordinates"":[]}"
1895_0,4,66.41926072544112,-52.11815572921656,"{""type"":""MultiPoint"",""coordinates"":[]}"
1902_0,1,73.55345229832571,-54.60675489258438,"{""type"":""MultiPoint"",""coordinates"":[]}"
1905_0,1,76.93187459925372,-68.99563701448166,"{""type"":""MultiPoint"",""coordinates"":[]}"
1914_0,1,72.46621660918382,-52.285809962262604,"{""type"":""MultiPoint"",""coordinates"":[]}"
1918_0,2,76.39383711105083,-66.76044954660424,"{""type"":""MultiPoint"",""coordinates"":[]}"
1922_0,4,73.4474775959015,-54.672608770926935,"{""type"":""MultiPoint"",""coordinates"":[]}"
1930_0,4,60.713182407795976,-44.938119804262726,"{""type"":""MultiPoint"",""coordinates"":[]}"
1938_0,1,69.92199230211058,-51.123006202358255,"{""type"":""MultiPoint"",""coordinates"":[]}"
1944_0,4,71.46087344621927,-51.392676987110995,"{""type"":""MultiPoint"",""coordinates"":[]}"
1970_0,4,68.4141688752289,-50.67034024799929,"{""type"":""MultiPoint"",""coordinates"":[]}"
1972_0,4,76.09007480448561,-60.041361674158516,"{""type"":""MultiPoint"",""coordinates"":[]}"
1987_0,4,67.2649122492785,-49.31097112905725,"{""type"":""MultiPoint"",""coordinates"":[]}"
1996_0,2,73.1270127367898,-54.54778553015587,"{""type"":""MultiPoint"",""coordinates"":[]}"
2002_0,1,65.6757295782285,-49.429604437352715,"{""type"":""MultiPoint"",""coordinates"":[]}"
2006_0,2,61.25102951374533,-44.378125917435014,"{""type"":""MultiPoint"",""coordinates"":[]}"
2016_0,3,59.86644042102782,-43.80032664347529,"{""type"":""MultiPoint"",""coordinates"":[]}"
2019_0,4,69.92850362906927,-54.82478870707624,"{""type"":""MultiPoint"",""coordinates"":[]}"
2020_0,1,63.44694097886121,-49.355766708268874,"{""type"":""MultiPoint"",""coordinates"":[]}"
2037_0,4,80.24496852079359,-65.12868532172301,"{""type"":""MultiPoint"",""coordinates"":[]}"
2042_0,1,63.0492746606547,-49.811185262100054,"{""type"":""MultiPoint"",""coordinates"":[]}"
2045_0,4,71.74843697993293,-51.252584559324376,"{""type"":""MultiPoint"",""coordinates"":[]}"
2049_0,4,74.10662020712053,-54.87501563600959,"{""type"":""MultiPoint"",""coordinates"":[]}"
2051_0,4,79.46380574341444,-62.49767817009429,"{""type"":""MultiPoint"",""coordinates"":[]}"
2060_0,2,70.3286879748831,-52.53497990299552,"{""type"":""MultiPoint"",""coordinates"":[]}"
2063_0,2,64.57370359491573,-49.88044296430971,"{""type"":""MultiPoint"",""coordinates"":[]}"
2076_0,1,79.91271010333803,-63.88152928472622,"{""type"":""MultiPoint"",""coordinates"":[]}"
2085_0,3,64.60604030325484,-50.327314700325886,"{""type"":""MultiPoint"",""coordinates"":[]}"
2099_0,4,71.82681927082768,-54.0593755730089,"{""type"":""MultiPoint"",""coordinates"":[]}"
2110_0,4,76.20298478110253,-64.81065213515815,"{""type"":""MultiPoint"",""coordinates"":[]}"
2119_0,2,60.531027807547936,-44.7242122846332,"{""type"":""MultiPoint"",""coordinates"":[]}"
2122_0,1,60.989865453864404,-44.59109574753171,"{""type"":""MultiPoint"",""coordinates"":[]}"
2123_0,1,77.02985033287821,-66.44922131374469,"{""type"":""MultiPoint"",""coordinates"":[]}"
2145_0,1,80.93532928034905,-64.39255188115182,"{""type"":""MultiPoint"",""coordinates"":[]}"
2149_0,1,75.9447153981564,-59.516732328492004,"{""type"":""MultiPoint"",""coordinates"":[]}"
2167_0,4,69.63696618082813,-54.59124182691575,"{""type"":""MultiPoint"",""coordinates"":[]}"
2179_0,2,79.93490073057953,-61.77706783617602,"{""type"":""MultiPoint"",""coordinates"":[]}"
2187_0,4,65.98627541953576,-51.96368242691426,"{""type"":""MultiPoint"",""coordinates"":[]}"
2197_0,2,76.3411345893211,-65.40761439609854,"{""type"":""MultiPoint"",""coordinates"":[]}"
2227_0,4,80.77447616704282,-60.528092273553135,"{""type"":""MultiPoint"",""coordinates"":[]}"
2238_0,2,62.51875594977794,-49.10459366021094,"{""type"":""MultiPoint"",""coordinates"":[]}"
2243_0,2,71.60204072481109,-53.35186534761899,"{""type"":""MultiPoint"",""coordinates"":[]}"
2251_0,4,76.5434525444071,-60.29767644977846,"{""type"":""MultiPoint"",""coordinates"":[]}"
2258_0,1,69.84231021881939,-53.066911476842506,"{""type"":""MultiPoint"",""coordinates"":[]}"
2259_0,4,66.7312702285383,-49.2318382770097,"{""type"":""MultiPoint"",""coordinates"":[]}"
2267_0,4,65.41321441179316,-49.155529975303025,"{""type"":""MultiPoint"",""coordinates"":[]}"
2271_0,2,60.64064208543974,-44.12705955149828,"{""type"":""MultiPoint"",""coordinates"":[]}"
2277_0,4,67.31162323794722,-52.518739651398405,"{""type"":""MultiPoint"",""coordinates"":[]}"
2303_0,1,61.2713189055938,-48.47810484062662,"{""type"":""MultiPoint"",""coordinates"":[]}"
2310_0,4,68.48278587967198,-51.084693865268754,"{""type"":""MultiPoint"",""coordinates"":[]}"
2323_0,4,81.04245227521282,-60.54146083118176,"{""type"":""MultiPoint"",""coordinates"":[]}"
2325_0,4,63.362397138439626,-50.49684374964952,"{""type"":""MultiPoint"",""coordinates"":[]}"
2327_0,4,80.79994479860036,-58.096961290722945,"{""type"":""MultiPoint"",""coordinates"":[]}"
2330_0,1,65.14821720674185,-51.15130677119754,"{""type"":""MultiPoint"",""coordinates"":[]}"
2334_0,2,65.63790270843175,-49.33667778000205,"{""type"":""MultiPoint"",""coordinates"":[]}"
2346_0,1,60.23749013446766,-43.47166353881142,"{""type"":""MultiPoint"",""coordinates"":[]}"
2352_0,2,61.33361786755013,-46.864280994367306,"{""type"":""MultiPoint"",""coordinates"":[]}"
2356_0,2,62.201019191984614,-49.57994983271453,"{""type"":""MultiPoint"",""coordinates"":[]}"
2358_0,2,67.4147033673503,-49.54911649655925,"{""type"":""MultiPoint"",""coordinates"":[]}"
2365_0,1,78.69436202427538,-70.88301561174626,"{""type"":""MultiPoint"",""coordinates"":[]}"
2368_0,1,78.26824997272821,-68.03221185387861,"{""type"":""MultiPoint"",""coordinates"":[]}"
2380_0,1,67.112840960861,-53.18365944488877,"{""type"":""MultiPoint"",""coordinates"":[]}"
2386_0,4,73.58326465155012,-55.4436878021582,"{""type"":""MultiPoint"",""coordinates"":[]}"
2399_0,1,64.57444940018235,-52.03385187174655,"{""type"":""MultiPoint"",""coordinates"":[]}"
2404_0,2,73.96718969368305,-55.279923150778075,"{""type"":""MultiPoint"",""coordinates"":[]}"
2411_0,3,65.87732998151601,-52.54993806971823,"{""type"":""MultiPoint"",""coordinates"":[]}"
2415_0,3,61.8902365383288,-48.583815789403594,"{""type"":""MultiPoint"",""coordinates"":[]}"
2418_0,4,61.082789073899086,-46.54990021540657,"{""type"":""MultiPoint"",""coordinates"":[]}"
2421_0,1,78.2471750328648,-70.63631540146099,"{""type"":""MultiPoint"",""coordinates"":[]}"
2426_0,2,69.44631534845745,-50.47111771190526,"{""type"":""MultiPoint"",""coordinates"":[]}"
2430_0,4,80.07849967437545,-64.18839887896277,"{""type"":""MultiPoint"",""coordinates"":[]}"
2443_0,3,80.6765311573202,-59.22434089175311,"{""type"":""MultiPoint"",""coordinates"":[]}"
2456_0,2,63.292784774589464,-49.73568630500879,"{""type"":""MultiPoint"",""coordinates"":[]}"
2457_0,2,66.00323884401024,-52.56463107069694,"{""type"":""MultiPoint"",""coordinates"":[]}"
2472_0,3,67.63711830013052,-49.62841475250047,"{""type"":""MultiPoint"",""coordinates"":[]}"
2474_0,2,69.91434105284033,-51.18355660642291,"{""type"":""MultiPoint"",""coordinates"":[]}"
2479_0,3,75.85441053960287,-59.63637105311525,"{""type"":""MultiPoint"",""coordinates"":[]}"
2483_0,1,72.64604739223171,-54.34444517489076,"{""type"":""MultiPoint"",""coordinates"":[]}"
2486_0,2,61.803908572114224,-47.971798841773115,"{""type"":""MultiPoint"",""coordinates"":[]}"
2488_0,3,71.70283762208973,-53.79913094235951,"{""type"":""MultiPoint"",""coordinates"":[]}"
2493_0,2,61.367296615418624,-44.96922793548573,"{""type"":""MultiPoint"",""coordinates"":[]}"
2500_0,4,66.04925725010796,-49.103456701432485,"{""type"":""MultiPoint"",""coordinates"":[]}"
2504_0,3,76.99742321805715,-70.52691547932488,"{""type"":""MultiPoint"",""coordinates"":[]}"
2527_0,1,69.83755277635835,-53.521647538301146,"{""type"":""MultiPoint"",""coordinates"":[]}"
2531_0,4,61.01679918664,-47.297325005670686,"{""type"":""MultiPoint"",""coordinates"":[]}"
2540_0,3,65.93173723598147,-52.98304116078508,"{""type"":""MultiPoint"",""coordinates"":[]}"
2545_0,1,69.75313779087637,-54.21275141330807,"{""type"":""MultiPoint"",""coordinates"":[]}"
2546_0,2,80.51726052411111,-64.49097262891956,"{""type"":""MultiPoint"",""coordinates"":[]}"
2553_0,4,62.360848983602295,-48.846801571621484,"{""type"":""MultiPoint"",""coordinates"":[]}"
2563_0,4,73.87624805789368,-55.43924686112684,"{""type"":""MultiPoint"",""coordinates"":[]}"
2564_0,2,67.08433261248925,-50.50178904397323,"{""type"":""MultiPoint"",""coordinates"":[]}"
2569_0,4,69.67574779560341,-49.8669720425765,"{""type"":""MultiPoint"",""coordinates"":[]}"
2573_0,2,72.22948243170735,-53.17019911847182,"{""type"":""MultiPoint"",""coordinates"":[]}"
2574_0,4,60.85948717076743,-44.19487266260463,"{""type"":""MultiPoint"",""coordinates"":[]}"
2575_0,4,62.81058732940624,-49.62548122531392,"{""type"":""MultiPoint"",""coordinates"":[]}"
2576_0,4,69.74694762737579,-50.51791091590167,"{""type"":""MultiPoint"",""coordinates"":[]}"
2584_0,1,66.18569815555261,-50.19125627416058,"{""type"":""MultiPoint"",""coordinates"":[]}"
2586_0,3,60.49977381377991,-43.415339724317874,"{""type"":""MultiPoint"",""coordinates"":[]}"
2605_0,2,67.41291633343087,-53.52973651904427,"{""type"":""MultiPoint"",""coordinates"":[]}"
2607_0,1,78.71886254190328,-68.88228736927175,"{""type"":""MultiPoint"",""coordinates"":[]}"
2608_0,4,70.51019897923729,-53.1932201575097,"{""type"":""MultiPoint"",""coordinates"":[]}"
2609_0,3,77.53220437417747,-68.07206831998873,"{""type"":""MultiPoint"",""coordinates"":[]}"
2611_0,2,64.50196740441352,-49.075872426738925,"{""type"":""MultiPoint"",""coordinates"":[]}"
2613_0,1,78.24134263913756,-71.49087284132284,"{""type"":""MultiPoint"",""coordinates"":[]}"
2623_0,3,61.80581974932345,-48.66479922417349,"{""type"":""MultiPoint"",""coordinates"":[]}"
2625_0,2,67.53135393703845,-51.67139831126049,"{""type"":""MultiPoint"",""coordinates"":[]}"
2633_0,4,78.17311971356908,-72.82683360243611,"{""type"":""MultiPoint"",""coordinates"":[]}"
2642_0,3,76.84231582922467,-67.32396188327584,"{""type"":""MultiPoint"",""coordinates"":[]}"
2643_0,1,76.5061352989231,-66.86010450610787,"{""type"":""MultiPoint"",""coordinates"":[]}"
2644_0,1,70.71324682773964,-50.8390315134966,"{""type"":""MultiPoint"",""coordinates"":[]}"
2655_0,4,73.2794166705261,-53.11055324358705,"{""type"":""MultiPoint"",""coordinates"":[]}"
2656_0,3,72.15190752082476,-51.64541998764408,"{""type"":""MultiPoint"",""coordinates"":[]}"
2663_0,1,78.72734553563413,-68.57447236099527,"{""type"":""MultiPoint"",""coordinates"":[]}"
2669_0,2,76.98480767881824,-70.43741976520806,"{""type"":""MultiPoint"",""coordinates"":[]}"
2676_0,1,67.90470267905364,-53.194993747057744,"{""type"":""MultiPoint"",""coordinates"":[]}"
2677_0,3,78.42562649623186,-69.34217681127896,"{""type"":""MultiPoint"",""coordinates"":[]}"
2691_0,2,60.97742240713354,-43.63093201603948,"{""type"":""MultiPoint"",""coordinates"":[]}"
2694_0,2,69.5722312878075,-54.54953545889731,"{""type"":""MultiPoint"",""coordinates"":[]}"
2719_0,1,65.61901057869031,-53.07991504693176,"{""type"":""MultiPoint"",""coordinates"":[]}"
2741_0,4,79.56880479487515,-63.649239284462546,"{""type"":""MultiPoint"",""coordinates"":[]}"
2750_0,2,66.93502221128195,-51.64412141777918,"{""type"":""MultiPoint"",""coordinates"":[]}"
2752_0,3,65.88985175789868,-51.786776068310694,"{""type"":""MultiPoint"",""coordinates"":[]}"
2759_0,1,68.48666262720697,-49.303999824579,"{""type"":""MultiPoint"",""coordinates"":[]}"
2767_0,4,72.90729622077555,-53.93046002611564,"{""type"":""MultiPoint"",""coordinates"":[]}"
2786_0,4,68.36985360295252,-52.093534330829975,"{""type"":""MultiPoint"",""coordinates"":[]}"
2789_0,2,69.63790962958365,-53.76864323039093,"{""type"":""MultiPoint"",""coordinates"":[]}"
2790_0,3,70.26659117830582,-52.259036312995754,"{""type"":""MultiPoint"",""coordinates"":[]}"
2805_0,4,63.81074723014551,-50.17573240979668,"{""type"":""MultiPoint"",""coordinates"":[]}"
2810_0,2,61.763454349211656,-46.739487274325306,"{""type"":""MultiPoint"",""coordinates"":[]}"
2813_0,2,77.59419070679252,-65.83990440270674,"{""type"":""MultiPoint"",""coordinates"":[]}"
2826_0,3,60.195679234018634,-43.730903868767136,"{""type"":""MultiPoint"",""coordinates"":[]}"
2841_0,1,62.13632499333379,-46.972367104927045,"{""type"":""MultiPoint"",""coordinates"":[]}"
2843_0,1,63.99243225259067,-51.03318832531993,"{""type"":""MultiPoint"",""coordinates"":[]}"
2860_0,2,61.06124027973221,-47.243673160066,"{""type"":""MultiPoint"",""coordinates"":[]}"
2871_0,4,62.64766976760854,-48.7365444054455,"{""type"":""MultiPoint"",""coordinates"":[]}"
2884_0,4,70.53113577917141,-52.90323780191936,"{""type"":""MultiPoint"",""coordinates"":[]}"
2892_0,1,78.31031866942517,-71.02657665393205,"{""type"":""MultiPoint"",""coordinates"":[]}"
2897_0,4,71.28231012882478,-51.52210803448161,"{""type"":""MultiPoint"",""coordinates"":[]}"
2914_0,2,67.40660525879683,-52.999327620877885,"{""type"":""MultiPoint"",""coordinates"":[]}"
2927_0,3,78.60006338881193,-69.25410507347158,"{""type"":""MultiPoint"",""coordinates"":[]}"
2936_0,3,78.01952147697918,-69.85902351380241,"{""type"":""MultiPoint"",""coordinates"":[]}"
2951_0,3,64.75486076973132,-51.87406288453689,"{""type"":""MultiPoint"",""coordinates"":[]}"
2956_0,4,76.5916964913504,-66.20556477921646,"{""type"":""MultiPoint"",""coordinates"":[]}"
2962_0,2,62.63145114732538,-49.77293689213186,"{""type"":""MultiPoint"",""coordinates"":[]}"
2966_0,3,77.55350164085891,-68.01292686711376,"{""type"":""MultiPoint"",""coordinates"":[]}"
2975_0,2,61.65267270724113,-46.2713232888453,"{""type"":""MultiPoint"",""coordinates"":[]}"
2981_0,1,67.79261198329947,-49.90726432168943,"{""type"":""MultiPoint"",""coordinates"":[]}"
3002_0,4,63.88535565120071,-48.90044858503318,"{""type"":""MultiPoint"",""coordinates"":[]}"
3005_0,4,79.08984962573203,-64.1228320133714,"{""type"":""MultiPoint"",""coordinates"":[]}"
3007_0,2,64.31852371007317,-49.95227504522934,"{""type"":""MultiPoint"",""coordinates"":[]}"
3008_0,2,67.43038527490138,-51.10506635336516,"{""type"":""MultiPoint"",""coordinates"":[]}"
3010_0,2,70.59381492109993,-53.704484549035314,"{""type"":""MultiPoint"",""coordinates"":[]}"
3024_0,2,62.664310530061066,-48.82266668677254,"{""type"":""MultiPoint"",""coordinates"":[]}"
3036_0,4,68.66103908054579,-50.929848875933786,"{""type"":""MultiPoint"",""coordinates"":[]}"
3041_0,1,66.24516614157875,-49.7638240434711,"{""type"":""MultiPoint"",""coordinates"":[]}"
3043_0,1,80.37027357141368,-58.15234511476768,"{""type"":""MultiPoint"",""coordinates"":[]}"
3050_0,3,67.46650616013372,-53.18517741104965,"{""type"":""MultiPoint"",""coordinates"":[]}"
3056_0,1,66.47709446920172,-51.885937982152655,"{""type"":""MultiPoint"",""coordinates"":[]}"
3070_0,4,69.56394197806605,-49.8191668176983,"{""type"":""MultiPoint"",""coordinates"":[]}"
3077_0,4,69.60414079452592,-53.270951079209325,"{""type"":""MultiPoint"",""coordinates"":[]}"
3083_0,2,66.58186157144699,-50.05805387232108,"{""type"":""MultiPoint"",""coordinates"":[]}"
3092_0,2,62.16172851817911,-48.55296500065861,"{""type"":""MultiPoint"",""coordinates"":[]}"
3098_0,4,68.69870989521202,-49.83073011022302,"{""type"":""MultiPoint"",""coordinates"":[]}"
3099_0,2,76.28627715145225,-66.90192954536401,"{""type"":""MultiPoint"",""coordinates"":[]}"
3119_0,1,66.86438832551686,-49.868006154995896,"{""type"":""MultiPoint"",""coordinates"":[]}"
3141_0,4,62.81487010403099,-49.2583394448608,"{""type"":""MultiPoint"",""coordinates"":[]}"
3144_0,1,67.31393027397475,-51.688990780371746,"{""type"":""MultiPoint"",""coordinates"":[]}"
3150_0,4,73.06740735041888,-54.02938798031043,"{""type"":""MultiPoint"",""coordinates"":[]}"
3154_0,1,72.40160671627949,-52.40285987353339,"{""type"":""MultiPoint"",""coordinates"":[]}"
3173_0,2,78.3874235269854,-71.94470299523884,"{""type"":""MultiPoint"",""coordinates"":[]}"
3188_0,1,66.8277910264985,-52.45219053376457,"{""type"":""MultiPoint"",""coordinates"":[]}"
3192_0,1,72.96051667732091,-54.652329535233065,"{""type"":""MultiPoint"",""coordinates"":[]}"
3201_0,2,61.08275998935554,-45.596604178101146,"{""type"":""MultiPoint"",""coordinates"":[]}"
3203_0,2,61.117822436634796,-45.82698813578094,"{""type"":""MultiPoint"",""coordinates"":[]}"
3214_0,1,78.0967018481336,-69.91523986869178,"{""type"":""MultiPoint"",""coordinates"":[]}"
3221_0,4,62.523044746634554,-48.80603152226716,"{""type"":""MultiPoint"",""coordinates"":[]}"
3222_0,1,66.42133490883539,-53.114456319724276,"{""type"":""MultiPoint"",""coordinates"":[]}"
3229_0,4,76.25528883784034,-66.46212422141632,"{""type"":""MultiPoint"",""coordinates"":[]}"
3231_0,1,78.1923022334021,-69.6501122926484,"{""type"":""MultiPoint"",""coordinates"":[]}"
3236_0,1,70.66768794625918,-53.788002195695405,"{""type"":""MultiPoint"",""coordinates"":[]}"
3258_0,1,65.85444177217077,-49.441763712277876,"{""type"":""MultiPoint"",""coordinates"":[]}"
3260_0,2,78.05930476098922,-70.26009334544368,"{""type"":""MultiPoint"",""coordinates"":[]}"
3265_0,2,61.53973073589643,-46.08023693557354,"{""type"":""MultiPoint"",""coordinates"":[]}"
3273_0,3,60.89659777170374,-45.69585153063078,"{""type"":""MultiPoint"",""coordinates"":[]}"
3274_0,2,60.4790751545274,-43.86549158524335,"{""type"":""MultiPoint"",""coordinates"":[]}"
3282_0,3,70.00842361211188,-54.12680459086078,"{""type"":""MultiPoint"",""coordinates"":[]}"
3283_0,2,64.92252743860567,-49.913162139065605,"{""type"":""MultiPoint"",""coordinates"":[]}"
3287_0,4,72.78111944955553,-54.08582038301809,"{""type"":""MultiPoint"",""coordinates"":[]}"
3296_0,4,67.52355113356994,-51.64561440089453,"{""type"":""MultiPoint"",""coordinates"":[]}"
3301_0,3,74.38807351418941,-55.33767934182586,"{""type"":""MultiPoint"",""coordinates"":[]}"
3315_0,3,62.09907669177371,-47.65077568065877,"{""type"":""MultiPoint"",""coordinates"":[]}"
3316_0,2,76.7713571489673,-69.101947599083,"{""type"":""MultiPoint"",""coordinates"":[]}"
3325_0,1,79.84967890881474,-63.770257950902085,"{""type"":""MultiPoint"",""coordinates"":[]}"
3333_0,4,69.53500908983925,-53.45424125452801,"{""type"":""MultiPoint"",""coordinates"":[]}"
3353_0,3,69.62189348706471,-50.10138841805623,"{""type"":""MultiPoint"",""coordinates"":[]}"
3354_0,4,65.19694870954535,-51.17226327967045,"{""type"":""MultiPoint"",""coordinates"":[]}"
3360_0,2,60.698663373845406,-43.15660575898036,"{""type"":""MultiPoint"",""coordinates"":[]}"
3367_0,4,71.5874089706947,-53.431456987864486,"{""type"":""MultiPoint"",""coordinates"":[]}"
3375_0,3,76.178766943723,-68.36263810811391,"{""type"":""MultiPoint"",""coordinates"":[]}"
3377_0,1,79.46076972404907,-63.9255912949843,"{""type"":""MultiPoint"",""coordinates"":[]}"
3378_0,1,78.15304527508115,-68.39371976941626,"{""type"":""MultiPoint"",""coordinates"":[]}"
3379_0,2,80.42421731334248,-65.6418336958419,"{""type"":""MultiPoint"",""coordinates"":[]}"
3382_0,2,75.9782980348477,-58.97159920821641,"{""type"":""MultiPoint"",""coordinates"":[]}"
3402_0,2,65.6232992819705,-51.74019122517724,"{""type"":""MultiPoint"",""coordinates"":[]}"
3431_0,4,63.71045780048575,-51.061492902296,"{""type"":""MultiPoint"",""coordinates"":[]}"
3441_0,2,61.722751441358284,-46.78458370416483,"{""type"":""MultiPoint"",""coordinates"":[]}"
3452_0,3,74.05126956614903,-54.32524215319173,"{""type"":""MultiPoint"",""coordinates"":[]}"
3463_0,4,62.19025982449625,-48.710065990683574,"{""type"":""MultiPoint"",""coordinates"":[]}"
3478_0,2,76.68888906400636,-62.82440416446299,"{""type"":""MultiPoint"",""coordinates"":[]}"
3483_0,4,78.43365686995025,-70.65793530647235,"{""type"":""MultiPoint"",""coordinates"":[]}"
3486_0,3,65.25185797384385,-50.42466438636884,"{""type"":""MultiPoint"",""coordinates"":[]}"
3507_0,3,77.50237484716939,-68.64700044132442,"{""type"":""MultiPoint"",""coordinates"":[]}"
3511_0,2,69.73782779985139,-52.24200849154284,"{""type"":""MultiPoint"",""coordinates"":[]}"
3515_0,3,69.78825544694514,-53.73611676441943,"{""type"":""MultiPoint"",""coordinates"":[]}"
3542_0,3,61.25550807059711,-46.74356770261045,"{""type"":""MultiPoint"",""coordinates"":[]}"
3546_0,2,60.6106306123573,-44.70581672266043,"{""type"":""MultiPoint"",""coordinates"":[]}"
3548_0,4,66.00434015607391,-49.84539503663291,"{""type"":""MultiPoint"",""coordinates"":[]}"
3558_0,2,69.49335870020016,-49.39244022600996,"{""type"":""MultiPoint"",""coordinates"":[]}"
3567_0,1,65.0654622294694,-50.4331032043358,"{""type"":""MultiPoint"",""coordinates"":[]}"
3582_0,4,61.34853199682671,-47.79221763096445,"{""type"":""MultiPoint"",""coordinates"":[]}"
3585_0,1,64.24212832081963,-50.78516530648296,"{""type"":""MultiPoint"",""coordinates"":[]}"
3602_0,2,70.60285246768963,-50.95173353027556,"{""type"":""MultiPoint"",""coordinates"":[]}"
3609_0,2,77.08002007431894,-67.11712097395308,"{""type"":""MultiPoint"",""coordinates"":[]}"
3645_0,1,76.52080787955786,-68.78439343810327,"{""type"":""MultiPoint"",""coordinates"":[]}"
3652_0,1,62.07327725157741,-47.5515269081705,"{""type"":""MultiPoint"",""coordinates"":[]}"
3657_0,1,66.66166855688786,-51.037447323129875,"{""type"":""MultiPoint"",""coordinates"":[]}"
3659_0,2,63.298840944389596,-50.16658805261555,"{""type"":""MultiPoint"",""coordinates"":[]}"
3678_0,4,67.00615303487346,-50.30008746118646,"{""type"":""MultiPoint"",""coordinates"":[]}"
3681_0,4,68.01447203382507,-50.626617516196085,"{""type"":""MultiPoint"",""coordinates"":[]}"
3700_0,1,63.27458775362036,-49.15114450718968,"{""type"":""MultiPoint"",""coordinates"":[]}"
3709_0,3,66.9990302356639,-51.24744938465433,"{""type"":""MultiPoint"",""coordinates"":[]}"
3712_0,4,80.98297187019993,-63.24982578532903,"{""type"":""MultiPoint"",""coordinates"":[]}"
3719_0,2,67.32597513805173,-51.73903714660527,"{""type"":""MultiPoint"",""coordinates"":[]}"
3720_0,3,64.66122491803073,-51.657384097784885,"{""type"":""MultiPoint"",""coordinates"":[]}"
3726_0,3,69.85308515477593,-52.91910568536064,"{""type"":""MultiPoint"",""coordinates"":[]}"
3729_0,3,61.42665143103066,-48.214344372554145,"{""type"":""MultiPoint"",""coordinates"":[]}"
3730_0,4,66.11574883974582,-53.17024706752147,"{""type"":""MultiPoint"",""coordinates"":[]}"
3732_0,1,70.18971368141406,-50.580349967322746,"{""type"":""MultiPoint"",""coordinates"":[]}"
3736_0,4,62.8895700522551,-49.174477002146034,"{""type"":""MultiPoint"",""coordinates"":[]}"
3756_0,3,81.02686457309598,-58.484063660008516,"{""type"":""MultiPoint"",""coordinates"":[]}"
3760_0,3,80.70778185623652,-61.2754271760516,"{""type"":""MultiPoint"",""coordinates"":[]}"
3762_0,3,67.83198350735263,-53.50080986914554,"{""type"":""MultiPoint"",""coordinates"":[]}"
3766_0,4,66.91467051045137,-50.782819491578095,"{""type"":""MultiPoint"",""coordinates"":[]}"
3769_0,2,70.26673200272927,-51.91130698345356,"{""type"":""MultiPoint"",""coordinates"":[]}"
3784_0,4,68.42440595249647,-49.48086337652274,"{""type"":""MultiPoint"",""coordinates"":[]}"
3786_0,3,73.25962854901306,-53.32269695925029,"{""type"":""MultiPoint"",""coordinates"":[]}"
3789_0,4,66.54257586315617,-49.41542478421963,"{""type"":""MultiPoint"",""coordinates"":[]}"
3792_0,4,76.09696361572095,-65.59548649897457,"{""type"":""MultiPoint"",""coordinates"":[]}"
3794_0,4,66.56774291487629,-52.32637510718029,"{""type"":""MultiPoint"",""coordinates"":[]}"
3798_0,1,72.1229365099825,-52.27320825570257,"{""type"":""MultiPoint"",""coordinates"":[]}"
3809_0,2,68.9101905682392,-50.9418770532336,"{""type"":""MultiPoint"",""coordinates"":[]}"
3817_0,2,68.98872436015823,-49.66417390041044,"{""type"":""MultiPoint"",""coordinates"":[]}"
3841_0,3,66.16478784749297,-50.64374863606472,"{""type"":""MultiPoint"",""coordinates"":[]}"
3842_0,3,74.17469180667729,-54.95217648998838,"{""type"":""MultiPoint"",""coordinates"":[]}"
3844_0,4,65.77138960134101,-50.05650881490173,"{""type"":""MultiPoint"",""coordinates"":[]}"
3846_0,3,61.370164531644434,-45.38197827319524,"{""type"":""MultiPoint"",""coordinates"":[]}"
3848_0,4,66.8146392255545,-50.87479093404084,"{""type"":""MultiPoint"",""coordinates"":[]}"
3856_0,1,67.55628587004038,-52.213648208782075,"{""type"":""MultiPoint"",""coordinates"":[]}"
3866_0,1,79.70348923866898,-62.125707098102566,"{""type"":""MultiPoint"",""coordinates"":[]}"
3872_0,1,66.54146679239568,-50.142875326550744,"{""type"":""MultiPoint"",""coordinates"":[]}"
3875_0,2,67.29414332947805,-52.33184912061403,"{""type"":""MultiPoint"",""coordinates"":[]}"
3882_0,3,63.895823025994765,-50.029200602090825,"{""type"":""MultiPoint"",""coordinates"":[]}"
3883_0,1,74.51521722915213,-55.78382133329886,"{""type"":""MultiPoint"",""coordinates"":[]}"
3887_0,2,62.35746370688063,-48.30074820106547,"{""type"":""MultiPoint"",""coordinates"":[]}"
3900_0,2,76.65791306199262,-62.11926990706178,"{""type"":""MultiPoint"",""coordinates"":[]}"
3904_0,2,65.25102224870486,-50.44562092437438,"{""type"":""MultiPoint"",""coordinates"":[]}"
3907_0,1,69.87116371469808,-52.61131965848289,"{""type"":""MultiPoint"",""coordinates"":[]}"
3912_0,2,61.09984490237258,-44.904988156480805,"{""type"":""MultiPoint"",""coordinates"":[]}"
3914_0,2,76.3188541474249,-67.68114256682023,"{""type"":""MultiPoint"",""coordinates"":[]}"
3924_0,2,69.54304406458664,-52.67192539542705,"{""type"":""MultiPoint"",""coordinates"":[]}"
3926_0,2,71.22999290534253,-52.12813490142342,"{""type"":""MultiPoint"",""coordinates"":[]}"
3933_0,2,79.26769007856029,-63.643194473547055,"{""type"":""MultiPoint"",""coordinates"":[]}"
3948_0,1,66.25460812140777,-51.98305984245321,"{""type"":""MultiPoint"",""coordinates"":[]}"
3954_0,4,80.75204344968105,-58.367645401613416,"{""type"":""MultiPoint"",""coordinates"":[]}"
3967_0,1,66.58818251043533,-50.22954106271297,"{""type"":""MultiPoint"",""coordinates"":[]}"
3982_0,1,60.429999919226155,-44.52565296489177,"{""type"":""MultiPoint"",""coordinates"":[]}"
3984_0,1,64.72765043397189,-49.62591788572497,"{""type"":""MultiPoint"",""coordinates"":[]}"
3989_0,2,65.09355638292416,-49.524138519237475,"{""type"":""MultiPoint"",""coordinates"":[]}"
4017_0,3,61.23341942045469,-45.178333821316,"{""type"":""MultiPoint"",""coordinates"":[]}"
4039_0,1,66.30805117229842,-53.51933399893648,"{""type"":""MultiPoint"",""coordinates"":[]}"
4042_0,4,65.82469948626225,-50.52283166454236,"{""type"":""MultiPoint"",""coordinates"":[]}"
4046_0,2,64.96874996583354,-51.080556082035315,"{""type"":""MultiPoint"",""coordinates"":[]}"
4063_0,2,74.67313051381836,-56.373184706442444,"{""type"":""MultiPoint"",""coordinates"":[]}"
4066_0,2,65.85384113529157,-50.63818844036547,"{""type"":""MultiPoint"",""coordinates"":[]}"
4069_0,1,66.90651958382664,-51.36265793692757,"{""type"":""MultiPoint"",""coordinates"":[]}"
4070_0,2,75.88122645792774,-58.39698780204962,"{""type"":""MultiPoint"",""coordinates"":[]}"
4073_0,2,65.8685687443259,-50.44637488481609,"{""type"":""MultiPoint"",""coordinates"":[]}"
4075_0,2,74.07673467884369,-55.224831492682505,"{""type"":""MultiPoint"",""coordinates"":[]}"
4077_0,1,60.86679624805293,-46.73355075395565,"{""type"":""MultiPoint"",""coordinates"":[]}"
4083_0,2,61.04740033111347,-44.68329378572356,"{""type"":""MultiPoint"",""coordinates"":[]}"
4085_0,4,80.71615417143752,-62.01453474296691,"{""type"":""MultiPoint"",""coordinates"":[]}"
4093_0,4,67.06473344843292,-51.421642732057954,"{""type"":""MultiPoint"",""coordinates"":[]}"
4108_0,1,60.22148180316443,-44.08080231170351,"{""type"":""MultiPoint"",""coordinates"":[]}"
4115_0,2,70.72346911276821,-50.63998155817007,"{""type"":""MultiPoint"",""coordinates"":[]}"
4116_0,1,80.7113142076979,-60.61992172187914,"{""type"":""MultiPoint"",""coordinates"":[]}"
4124_0,4,64.75403502527372,-50.55853038365422,"{""type"":""MultiPoint"",""coordinates"":[]}"
4131_0,4,66.11037960949214,-49.37258556182066,"{""type"":""MultiPoint"",""coordinates"":[]}"
4133_0,4,76.3075872311451,-60.43992792695096,"{""type"":""MultiPoint"",""coordinates"":[]}"
4134_0,2,73.82079066168762,-54.50557638817294,"{""type"":""MultiPoint"",""coordinates"":[]}"
4135_0,4,73.03855167575585,-54.17674415919025,"{""type"":""MultiPoint"",""coordinates"":[]}"
4136_0,2,61.157365177415485,-47.21191873597865,"{""type"":""MultiPoint"",""coordinates"":[]}"
4147_0,2,71.63924857199126,-52.100565350699036,"{""type"":""MultiPoint"",""coordinates"":[]}"
4153_0,4,65.86110668136998,-50.22336992058371,"{""type"":""MultiPoint"",""coordinates"":[]}"
4156_0,2,73.65674232187963,-54.82545402671326,"{""type"":""MultiPoint"",""coordinates"":[]}"
4175_0,2,70.43750784706816,-53.308133093981766,"{""type"":""MultiPoint"",""coordinates"":[]}"
4176_0,2,76.50580625297198,-66.0963442942222,"{""type"":""MultiPoint"",""coordinates"":[]}"
4178_0,1,78.55359787062034,-71.76073975838649,"{""type"":""MultiPoint"",""coordinates"":[]}"
4182_0,2,65.85348963848669,-53.2223197882924,"{""type"":""MultiPoint"",""coordinates"":[]}"
4183_0,2,62.339326732929585,-49.71674014742854,"{""type"":""MultiPoint"",""coordinates"":[]}"
4184_0,2,68.27520654058095,-50.135166598647125,"{""type"":""MultiPoint"",""coordinates"":[]}"
4187_0,4,80.67301365110262,-60.62437313196194,"{""type"":""MultiPoint"",""coordinates"":[]}"
4189_0,1,65.1239673891828,-50.60620430701019,"{""type"":""MultiPoint"",""coordinates"":[]}"
4198_0,2,72.37233270870489,-53.683451908293264,"{""type"":""MultiPoint"",""coordinates"":[]}"
4210_0,4,78.37896190330784,-71.01120178754427,"{""type"":""MultiPoint"",""coordinates"":[]}"
4223_0,2,62.648206504230814,-48.59966177953212,"{""type"":""MultiPoint"",""coordinates"":[]}"
4224_0,4,67.83530061101281,-50.774167767981716,"{""type"":""MultiPoint"",""coordinates"":[]}"
4235_0,1,63.2609553319479,-48.97359995392466,"{""type"":""MultiPoint"",""coordinates"":[]}"
4285_0,1,77.13132978434523,-66.91923148709955,"{""type"":""MultiPoint"",""coordinates"":[]}"
4293_0,1,60.404803990768464,-43.71453726493056,"{""type"":""MultiPoint"",""coordinates"":[]}"
4295_0,1,76.63839114804586,-67.96881659411817,"{""type"":""MultiPoint"",""coordinates"":[]}"
4296_0,2,71.79130350771239,-51.92310160439081,"{""type"":""MultiPoint"",""coordinates"":[]}"
4311_0,1,71.81684349586831,-55.04909684872505,"{""type"":""MultiPoint"",""coordinates"":[]}"
4324_0,3,70.08785055265668,-53.482769728697434,"{""type"":""MultiPoint"",""coordinates"":[]}"
4334_0,4,67.80031572998041,-49.89011360456675,"{""type"":""MultiPoint"",""coordinates"":[]}"
4338_0,3,61.752441959575236,-45.79860448128611,"{""type"":""MultiPoint"",""coordinates"":[]}"
4355_0,1,78.52356426275112,-67.40112452968638,"{""type"":""MultiPoint"",""coordinates"":[]}"
4356_0,2,69.59434399294908,-53.77015473350056,"{""type"":""MultiPoint"",""coordinates"":[]}"
4365_0,3,72.7217730722696,-54.367900935126315,"{""type"":""MultiPoint"",""coordinates"":[]}"
4366_0,4,76.40333512374359,-60.53634106111608,"{""type"":""MultiPoint"",""coordinates"":[]}"
4376_0,4,68.1065015569605,-51.121353664723024,"{""type"":""MultiPoint"",""coordinates"":[]}"
4377_0,3,63.21061488251522,-50.706154102759626,"{""type"":""MultiPoint"",""coordinates"":[]}"
4381_0,2,62.56762015496299,-49.00215288516032,"{""type"":""MultiPoint"",""coordinates"":[]}"
4385_0,2,72.53368475420824,-53.04849054482711,"{""type"":""MultiPoint"",""coordinates"":[]}"
4393_0,1,67.68466547621202,-53.4002916161618,"{""type"":""MultiPoint"",""coordinates"":[]}"
4397_0,4,70.49332845220151,-53.821523723893236,"{""type"":""MultiPoint"",""coordinates"":[]}"
4410_0,3,64.87414272230235,-49.97826900976809,"{""type"":""MultiPoint"",""coordinates"":[]}"
4421_0,1,67.50078459088103,-51.79298163696257,"{""type"":""MultiPoint"",""coordinates"":[]}"
4423_0,2,67.26975159464546,-49.56540171388891,"{""type"":""MultiPoint"",""coordinates"":[]}"
4425_0,2,61.265285064716224,-46.89935923788072,"{""type"":""MultiPoint"",""coordinates"":[]}"
4430_0,2,76.08822939412273,-68.18368474734851,"{""type"":""MultiPoint"",""coordinates"":[]}"
4464_0,2,64.68507627523722,-50.92730298889801,"{""type"":""MultiPoint"",""coordinates"":[]}"
4468_0,1,60.97288909180902,-45.94761501477984,"{""type"":""MultiPoint"",""coordinates"":[]}"
4469_0,1,78.57677502356476,-69.77933118963601,"{""type"":""MultiPoint"",""coordinates"":[]}"
4476_0,1,63.54077637202032,-48.78087944011875,"{""type"":""MultiPoint"",""coordinates"":[]}"
4480_0,4,72.45883985300449,-55.20179420964591,"{""type"":""MultiPoint"",""coordinates"":[]}"
4494_0,4,71.41621134329633,-50.90013969073612,"{""type"":""MultiPoint"",""coordinates"":[]}"
4496_0,1,67.42777110177134,-52.45594996384933,"{""type"":""MultiPoint"",""coordinates"":[]}"
4503_0,4,69.79261253888309,-50.04662667603688,"{""type"":""MultiPoint"",""coordinates"":[]}"
4506_0,3,63.69075471982793,-49.95681466063023,"{""type"":""MultiPoint"",""coordinates"":[]}"
4509_0,4,68.64109463214572,-50.230343516181726,"{""type"":""MultiPoint"",""coordinates"":[]}"
4517_0,4,62.28151366357764,-47.99133563533147,"{""type"":""MultiPoint"",""coordinates"":[]}"
4518_0,2,61.48704540603567,-46.136347292112696,"{""type"":""MultiPoint"",""coordinates"":[]}"
4522_0,1,66.19989186830269,-49.57418340516434,"{""type"":""MultiPoint"",""coordinates"":[]}"
4527_0,1,66.96291821791597,-49.95766744469419,"{""type"":""MultiPoint"",""coordinates"":[]}"
4528_0,3,64.35232582906745,-49.89793724803298,"{""type"":""MultiPoint"",""coordinates"":[]}"
4530_0,4,61.44848670694053,-48.36965892441448,"{""type"":""MultiPoint"",""coordinates"":[]}"
4539_0,4,73.14018251294635,-53.50812106723623,"{""type"":""MultiPoint"",""coordinates"":[]}"
4542_0,3,76.39304343945378,-69.28191094246844,"{""type"":""MultiPoint"",""coordinates"":[]}"
4549_0,1,77.84602177821974,-70.95420376680059,"{""type"":""MultiPoint"",""coordinates"":[]}"
4560_0,3,66.69832597386605,-50.23701140873432,"{""type"":""MultiPoint"",""coordinates"":[]}"
4562_0,2,73.19165203113019,-54.192601504277725,"{""type"":""MultiPoint"",""coordinates"":[]}"
4569_0,3,80.43703571138425,-60.33062374985673,"{""type"":""MultiPoint"",""coordinates"":[]}"
4575_0,2,64.96912316596818,-51.07228032461331,"{""type"":""MultiPoint"",""coordinates"":[]}"
4576_0,1,65.65851236488712,-49.35764606924687,"{""type"":""MultiPoint"",""coordinates"":[]}"
4580_0,2,69.80663231708142,-53.52396979417319,"{""type"":""MultiPoint"",""coordinates"":[]}"
4591_0,4,65.2965910195294,-50.091699132535446,"{""type"":""MultiPoint"",""coordinates"":[]}"
4594_0,1,64.94828168205095,-51.87464237652471,"{""type"":""MultiPoint"",""coordinates"":[]}"
4619_0,4,63.66719247773099,-49.128241384961825,"{""type"":""MultiPoint"",""coordinates"":[]}"
4625_0,4,72.48005053383181,-53.68351606499375,"{""type"":""MultiPoint"",""coordinates"":[]}"
4642_0,3,60.85141674116743,-45.712495681926804,"{""type"":""MultiPoint"",""coordinates"":[]}"
4652_0,2,68.15200563408882,-51.148894741450995,"{""type"":""MultiPoint"",""coordinates"":[]}"
4653_0,4,62.8195954120334,-49.06369926911866,"{""type"":""MultiPoint"",""coordinates"":[]}"
4659_0,1,67.24057881899179,-50.711278070410046,"{""type"":""MultiPoint"",""coordinates"":[]}"
4668_0,4,60.6477742010318,-43.611678834348155,"{""type"":""MultiPoint"",""coordinates"":[]}"
4674_0,2,69.68540838061816,-53.65935499531988,"{""type"":""MultiPoint"",""coordinates"":[]}"
4677_0,4,63.59007482506902,-49.174956188752674,"{""type"":""MultiPoint"",""coordinates"":[]}"
4688_0,2,63.08026942622825,-49.02717907890001,"{""type"":""MultiPoint"",""coordinates"":[]}"
4690_0,1,78.62953546361418,-68.8744467186434,"{""type"":""MultiPoint"",""coordinates"":[]}"
4709_0,2,61.795810870497306,-46.392069928216316,"{""type"":""MultiPoint"",""coordinates"":[]}"
4711_0,2,74.83663174528895,-56.640528473236316,"{""type"":""MultiPoint"",""coordinates"":[]}"
4729_0,3,64.1047697927526,-49.865579197372995,"{""type"":""MultiPoint"",""coordinates"":[]}"
4730_0,4,72.2063400584972,-54.39492171481149,"{""type"":""MultiPoint"",""coordinates"":[]}"
4737_0,1,79.36780138948414,-63.711055803237414,"{""type"":""MultiPoint"",""coordinates"":[]}"
4738_0,4,80.510873909509,-60.21121763761385,"{""type"":""MultiPoint"",""coordinates"":[]}"
4755_0,1,66.27251008367443,-53.15062198259728,"{""type"":""MultiPoint"",""coordinates"":[]}"
4763_0,4,64.76154177120632,-51.672354640384626,"{""type"":""MultiPoint"",""coordinates"":[]}"
4766_0,1,67.46142602906131,-50.3450810342578,"{""type"":""MultiPoint"",""coordinates"":[]}"
4767_0,2,77.51942343778502,-65.1226945759762,"{""type"":""MultiPoint"",""coordinates"":[]}"
4774_0,1,67.68712191221513,-51.0831573607831,"{""type"":""MultiPoint"",""coordinates"":[]}"
4779_0,2,64.56644394435558,-49.73933652408797,"{""type"":""MultiPoint"",""coordinates"":[]}"
4784_0,4,65.03817119746087,-50.62401451997055,"{""type"":""MultiPoint"",""coordinates"":[]}"
4785_0,3,70.5171234201243,-50.924960551265194,"{""type"":""MultiPoint"",""coordinates"":[]}"
4786_0,3,69.79798264280221,-52.31116516865856,"{""type"":""MultiPoint"",""coordinates"":[]}"
4805_0,2,64.08542951757994,-50.61171821130225,"{""type"":""MultiPoint"",""coordinates"":[]}"
4806_0,2,77.16234334562496,-69.80122097007637,"{""type"":""MultiPoint"",""coordinates"":[]}"
4810_0,2,76.31596167508891,-60.28211476891473,"{""type"":""MultiPoint"",""coordinates"":[]}"
4819_0,2,69.59879024175274,-53.30502748477271,"{""type"":""MultiPoint"",""coordinates"":[]}"
4841_0,3,62.0588752364859,-48.546800052737304,"{""type"":""MultiPoint"",""coordinates"":[]}"
4860_0,4,60.32128088473131,-44.597215160602175,"{""type"":""MultiPoint"",""coordinates"":[]}"
4876_0,1,78.29585646634573,-70.15293988419533,"{""type"":""MultiPoint"",""coordinates"":[]}"
4877_0,2,63.32698322375881,-48.99552369389073,"{""type"":""MultiPoint"",""coordinates"":[]}"
4878_0,4,73.36058698482387,-53.39978639320814,"{""type"":""MultiPoint"",""coordinates"":[]}"
4880_0,3,61.70052843770237,-48.90768136483207,"{""type"":""MultiPoint"",""coordinates"":[]}"
4886_0,2,70.48452056203456,-53.92070020894949,"{""type"":""MultiPoint"",""coordinates"":[]}"
4902_0,2,74.00683897423687,-56.00829032632254,"{""type"":""MultiPoint"",""coordinates"":[]}"
4906_0,4,64.79621557683296,-51.65274924181541,"{""type"":""MultiPoint"",""coordinates"":[]}"
4908_0,2,77.83670835942044,-68.15080137291716,"{""type"":""MultiPoint"",""coordinates"":[]}"
4915_0,1,66.89879508233618,-52.03392615615041,"{""type"":""MultiPoint"",""coordinates"":[]}"
4929_0,4,81.05672985256481,-63.43121571245602,"{""type"":""MultiPoint"",""coordinates"":[]}"
4935_0,2,76.37097884568459,-62.87786638551715,"{""type"":""MultiPoint"",""coordinates"":[]}"
4937_0,1,66.97708155013507,-50.50729985100142,"{""type"":""MultiPoint"",""coordinates"":[]}"
4943_0,1,64.14944053712009,-49.24033461006451,"{""type"":""MultiPoint"",""coordinates"":[]}"
4951_0,2,61.290788640192915,-47.41051717285252,"{""type"":""MultiPoint"",""coordinates"":[]}"
4953_0,1,78.43115208923706,-70.64182746471734,"{""type"":""MultiPoint"",""coordinates"":[]}"
4961_0,4,60.11923981809461,-44.04945761234411,"{""type"":""MultiPoint"",""coordinates"":[]}"
4968_0,2,75.05350204318566,-57.48338123134494,"{""type"":""MultiPoint"",""coordinates"":[]}"
4970_0,4,61.87736049558262,-49.15144844389554,"{""type"":""MultiPoint"",""coordinates"":[]}"
4971_0,1,63.323519315566685,-49.10435472485915,"{""type"":""MultiPoint"",""coordinates"":[]}"
4978_0,2,63.8486971896171,-50.10764773988482,"{""type"":""MultiPoint"",""coordinates"":[]}"
4979_0,1,67.68584063583069,-53.443353778024154,"{""type"":""MultiPoint"",""coordinates"":[]}"
4980_0,2,67.13600279841316,-50.872615299662044,"{""type"":""MultiPoint"",""coordinates"":[]}"
4988_0,1,73.84550023036371,-55.571092937385096,"{""type"":""MultiPoint"",""coordinates"":[]}"
4992_0,1,68.25727938118143,-50.64766889090321,"{""type"":""MultiPoint"",""coordinates"":[]}"
4995_0,1,65.60243036812457,-52.96635223316579,"{""type"":""MultiPoint"",""coordinates"":[]}"
5011_0,2,66.85024128746979,-49.8649446533644,"{""type"":""MultiPoint"",""coordinates"":[]}"
5014_0,2,65.74165568189495,-52.51923797255219,"{""type"":""MultiPoint"",""coordinates"":[]}"
5016_0,4,69.17733975269215,-49.399861864210045,"{""type"":""MultiPoint"",""coordinates"":[]}"
5022_0,2,63.74233284446237,-50.631182387526906,"{""type"":""MultiPoint"",""coordinates"":[]}"
5041_0,2,77.76265626020626,-67.87062741259386,"{""type"":""MultiPoint"",""coordinates"":[]}"
5050_0,4,61.96955976367881,-47.74919726371487,"{""type"":""MultiPoint"",""coordinates"":[]}"
5070_0,1,66.20588435790083,-52.030124812613025,"{""type"":""MultiPoint"",""coordinates"":[]}"
5077_0,4,68.15220050564965,-50.27847773421023,"{""type"":""MultiPoint"",""coordinates"":[]}"
5081_0,1,72.97218734430018,-52.89893153835038,"{""type"":""MultiPoint"",""coordinates"":[]}"
5082_0,1,62.08514953269637,-49.54524228512101,"{""type"":""MultiPoint"",""coordinates"":[]}"
5083_0,2,76.41523413588872,-64.86422684943284,"{""type"":""MultiPoint"",""coordinates"":[]}"
5088_0,2,80.0515298303784,-62.8143806306771,"{""type"":""MultiPoint"",""coordinates"":[]}"
5100_0,4,69.71368522718672,-49.67426078445027,"{""type"":""MultiPoint"",""coordinates"":[]}"
5102_0,4,62.342383293504064,-49.19778854468543,"{""type"":""MultiPoint"",""coordinates"":[]}"
5113_0,2,66.35771732668204,-49.95549976818109,"{""type"":""MultiPoint"",""coordinates"":[]}"
5126_0,3,65.88845814785131,-52.23954392026998,"{""type"":""MultiPoint"",""coordinates"":[]}"
5129_0,2,65.48696631199935,-52.31830359934873,"{""type"":""MultiPoint"",""coordinates"":[]}"
5132_0,4,70.03083387152722,-51.848815073600036,"{""type"":""MultiPoint"",""coordinates"":[]}"
5136_0,1,62.27544888776403,-49.784316041682146,"{""type"":""MultiPoint"",""coordinates"":[]}"
5160_0,2,76.73656004865606,-65.26094112694939,"{""type"":""MultiPoint"",""coordinates"":[]}"
5169_0,2,76.38253513493878,-67.06635004891355,"{""type"":""MultiPoint"",""coordinates"":[]}"
5173_0,1,78.98891608868232,-66.18330324820413,"{""type"":""MultiPoint"",""coordinates"":[]}"
5183_0,1,68.69374672998778,-50.317558457860756,"{""type"":""MultiPoint"",""coordinates"":[]}"
5186_0,2,77.74471058773473,-66.34067680337014,"{""type"":""MultiPoint"",""coordinates"":[]}"
5194_0,1,65.10190068320156,-50.495968901368116,"{""type"":""MultiPoint"",""coordinates"":[]}"
5203_0,2,80.33686637195554,-64.28463402763083,"{""type"":""MultiPoint"",""coordinates"":[]}"
5244_0,4,62.658034849089184,-48.79891635214377,"{""type"":""MultiPoint"",""coordinates"":[]}"
5248_0,1,78.15194841103883,-69.60890419568263,"{""type"":""MultiPoint"",""coordinates"":[]}"
5251_0,1,78.37757656035284,-67.39691172073134,"{""type"":""MultiPoint"",""coordinates"":[]}"
5261_0,2,63.67232507481248,-48.907344995887115,"{""type"":""MultiPoint"",""coordinates"":[]}"
5265_0,2,60.487253177186126,-44.0019899785626,"{""type"":""MultiPoint"",""coordinates"":[]}"
5290_0,2,67.5689491881582,-50.675600593197906,"{""type"":""MultiPoint"",""coordinates"":[]}"
5294_0,1,60.75154844273198,-44.40689717414118,"{""type"":""MultiPoint"",""coordinates"":[]}"
5298_0,4,80.0101190253871,-60.31348544616482,"{""type"":""MultiPoint"",""coordinates"":[]}"
5305_0,2,76.73587572963224,-66.21082827713272,"{""type"":""MultiPoint"",""coordinates"":[]}"
5308_0,2,61.31563338151364,-47.29696463838478,"{""type"":""MultiPoint"",""coordinates"":[]}"
5309_0,3,80.79952921405591,-62.11411718046485,"{""type"":""MultiPoint"",""coordinates"":[]}"
5313_0,2,76.74511269648985,-69.64388185057747,"{""type"":""MultiPoint"",""coordinates"":[]}"
5322_0,1,71.17171592670476,-51.623122455051984,"{""type"":""MultiPoint"",""coordinates"":[]}"
5330_0,2,72.49536675183683,-53.90371505576796,"{""type"":""MultiPoint"",""coordinates"":[]}"
5332_0,4,62.39523441503659,-49.67385727045165,"{""type"":""MultiPoint"",""coordinates"":[]}"
5344_0,4,65.7940083196335,-50.79695774233912,"{""type"":""MultiPoint"",""coordinates"":[]}"
5345_0,2,80.69954476589608,-57.859353064847895,"{""type"":""MultiPoint"",""coordinates"":[]}"
5354_0,2,64.74832640303873,-51.28691073021496,"{""type"":""MultiPoint"",""coordinates"":[]}"
5357_0,1,67.02927076764833,-50.04997569700017,"{""type"":""MultiPoint"",""coordinates"":[]}"
5372_0,3,81.01221186149438,-63.98099554174106,"{""type"":""MultiPoint"",""coordinates"":[]}"
5373_0,3,73.00367033312574,-54.5583323880281,"{""type"":""MultiPoint"",""coordinates"":[]}"
5375_0,3,65.55716672508964,-52.23688845037281,"{""type"":""MultiPoint"",""coordinates"":[]}"
5377_0,4,78.10158237064147,-71.4600522864864,"{""type"":""MultiPoint"",""coordinates"":[]}"
5390_0,2,76.75684247788952,-69.68487170325835,"{""type"":""MultiPoint"",""coordinates"":[]}"
5398_0,2,67.45470448354557,-51.4195062064957,"{""type"":""MultiPoint"",""coordinates"":[]}"
5413_0,3,64.19465154653649,-51.05385773230104,"{""type"":""MultiPoint"",""coordinates"":[]}"
5420_0,1,76.62364060257286,-64.09477978081894,"{""type"":""MultiPoint"",""coordinates"":[]}"
5427_0,1,78.85980771042053,-68.80148544636543,"{""type"":""MultiPoint"",""coordinates"":[]}"
5433_0,1,70.59168669709298,-52.18764417874561,"{""type"":""MultiPoint"",""coordinates"":[]}"
5465_0,2,61.34582882836059,-46.86148926617515,"{""type"":""MultiPoint"",""coordinates"":[]}"
5479_0,4,80.37508720266851,-66.76577462141374,"{""type"":""MultiPoint"",""coordinates"":[]}"
5484_0,4,78.67418035540976,-68.4259874844033,"{""type"":""MultiPoint"",""coordinates"":[]}"
5486_0,2,61.71315910703265,-46.31082454795008,"{""type"":""MultiPoint"",""coordinates"":[]}"
5506_0,4,68.50042194147251,-50.361349540829025,"{""type"":""MultiPoint"",""coordinates"":[]}"
5513_0,1,62.00144206514006,-47.56697481864007,"{""type"":""MultiPoint"",""coordinates"":[]}"
5516_0,1,65.81965950348,-52.46171139175661,"{""type"":""MultiPoint"",""coordinates"":[]}"
5520_0,3,80.51681656097277,-60.16335650536094,"{""type"":""MultiPoint"",""coordinates"":[]}"
5547_0,2,70.28524445700468,-50.79494217763875,"{""type"":""MultiPoint"",""coordinates"":[]}"
5558_0,2,60.99169261517856,-47.155860842629764,"{""type"":""MultiPoint"",""coordinates"":[]}"
5566_0,1,66.08664625106736,-49.980792917690046,"{""type"":""MultiPoint"",""coordinates"":[]}"
5568_0,2,72.0643172096761,-54.38391988571322,"{""type"":""MultiPoint"",""coordinates"":[]}"
5572_0,4,66.54643294202435,-51.58883011475167,"{""type"":""MultiPoint"",""coordinates"":[]}"
5574_0,2,61.17878511962523,-46.3682495678364,"{""type"":""MultiPoint"",""coordinates"":[]}"
5584_0,1,69.90432850529527,-54.26824519861972,"{""type"":""MultiPoint"",""coordinates"":[]}"
5585_0,4,75.98511692663537,-59.38148787736953,"{""type"":""MultiPoint"",""coordinates"":[]}"
5588_0,1,80.86495249515069,-62.422619186141986,"{""type"":""MultiPoint"",""coordinates"":[]}"
5594_0,3,80.76281519113827,-59.289854942027574,"{""type"":""MultiPoint"",""coordinates"":[]}"
5595_0,2,61.707336812023854,-46.64421918674147,"{""type"":""MultiPoint"",""coordinates"":[]}"
5602_0,3,69.42054586848253,-53.32362469260963,"{""type"":""MultiPoint"",""coordinates"":[]}"
5615_0,1,80.43109264194467,-60.252216475347105,"{""type"":""MultiPoint"",""coordinates"":[]}"
5628_0,1,81.05937486244736,-61.320901118576515,"{""type"":""MultiPoint"",""coordinates"":[]}"
5631_0,4,65.41391954875071,-51.203035654056734,"{""type"":""MultiPoint"",""coordinates"":[]}"
5647_0,2,76.67121739298378,-66.94301069173888,"{""type"":""MultiPoint"",""coordinates"":[]}"
5653_0,4,63.76288493728483,-49.577161260725,"{""type"":""MultiPoint"",""coordinates"":[]}"
5659_0,2,65.7104440724408,-51.704696362464524,"{""type"":""MultiPoint"",""coordinates"":[]}"
5664_0,4,61.95755388191623,-47.41097138429937,"{""type"":""MultiPoint"",""coordinates"":[]}"
5676_0,1,66.78340757115096,-52.26973826529583,"{""type"":""MultiPoint"",""coordinates"":[]}"
5679_0,2,75.46521058760631,-57.609304073968445,"{""type"":""MultiPoint"",""coordinates"":[]}"
5686_0,1,61.093452163256146,-44.16298371473681,"{""type"":""MultiPoint"",""coordinates"":[]}"
5691_0,2,65.98983366085024,-51.55796329846698,"{""type"":""MultiPoint"",""coordinates"":[]}"
5700_0,2,67.19334090504923,-50.956873685596754,"{""type"":""MultiPoint"",""coordinates"":[]}"
5702_0,1,61.462027425856306,-48.127538530391035,"{""type"":""MultiPoint"",""coordinates"":[]}"
5703_0,2,76.83407129313277,-68.77849388799679,"{""type"":""MultiPoint"",""coordinates"":[]}"
5707_0,4,73.20597977182892,-54.238646281423975,"{""type"":""MultiPoint"",""coordinates"":[]}"
5743_0,1,63.17452909862442,-50.11060577942065,"{""type"":""MultiPoint"",""coordinates"":[]}"
5760_0,1,79.43726346255957,-61.81451771301746,"{""type"":""MultiPoint"",""coordinates"":[]}"
5779_0,1,60.30313741541713,-43.22407726012116,"{""type"":""MultiPoint"",""coordinates"":[]}"
5787_0,1,65.68266064077454,-49.908367703280184,"{""type"":""MultiPoint"",""coordinates"":[]}"
5791_0,2,79.57574631820258,-63.66218483099326,"{""type"":""MultiPoint"",""coordinates"":[]}"
5793_0,2,75.41457541061766,-57.246688133025245,"{""type"":""MultiPoint"",""coordinates"":[]}"
5795_0,1,76.22138263861834,-67.36974363505263,"{""type"":""MultiPoint"",""coordinates"":[]}"
5808_0,1,66.41840811758539,-49.89758092111793,"{""type"":""MultiPoint"",""coordinates"":[]}"
5816_0,2,78.63592277589204,-70.49226851993478,"{""type"":""MultiPoint"",""coordinates"":[]}"
5826_0,1,60.83527394579028,-43.63788995836488,"{""type"":""MultiPoint"",""coordinates"":[]}"
5829_0,1,78.92666280062484,-66.671415117742,"{""type"":""MultiPoint"",""coordinates"":[]}"
5832_0,2,64.61905077479727,-51.65004501113607,"{""type"":""MultiPoint"",""coordinates"":[]}"
5842_0,3,64.58281772256991,-51.450561083695476,"{""type"":""MultiPoint"",""coordinates"":[]}"
5845_0,4,70.19643809180013,-49.838550152334186,"{""type"":""MultiPoint"",""coordinates"":[]}"
5858_0,4,81.12459212500949,-60.49195437706187,"{""type"":""MultiPoint"",""coordinates"":[]}"
5882_0,2,65.97827705474513,-51.10478875821218,"{""type"":""MultiPoint"",""coordinates"":[]}"
5886_0,4,60.626491673921954,-44.08871734320775,"{""type"":""MultiPoint"",""coordinates"":[]}"
5891_0,3,68.04853103403862,-50.67386948314719,"{""type"":""MultiPoint"",""coordinates"":[]}"
5910_0,3,61.306176312303904,-45.27633534958551,"{""type"":""MultiPoint"",""coordinates"":[]}"
5912_0,2,64.86349664169106,-51.40013029106238,"{""type"":""MultiPoint"",""coordinates"":[]}"
5913_0,1,67.59432289834679,-51.78461960634523,"{""type"":""MultiPoint"",""coordinates"":[]}"
5916_0,4,67.3894011285085,-49.89619907959267,"{""type"":""MultiPoint"",""coordinates"":[]}"
5919_0,2,77.7535095678877,-65.9232013762715,"{""type"":""MultiPoint"",""coordinates"":[]}"
5926_0,1,80.7997614393181,-58.20274212262824,"{""type"":""MultiPoint"",""coordinates"":[]}"
5930_0,2,66.1823811152292,-50.6040400412921,"{""type"":""MultiPoint"",""coordinates"":[]}"
5934_0,2,61.490830874195304,-46.278362347664014,"{""type"":""MultiPoint"",""coordinates"":[]}"
5935_0,4,65.16814918643979,-49.672875002405966,"{""type"":""MultiPoint"",""coordinates"":[]}"
5949_0,2,67.60696205575684,-51.375230304488994,"{""type"":""MultiPoint"",""coordinates"":[]}"
5951_0,1,80.38162052437004,-60.001041357022736,"{""type"":""MultiPoint"",""coordinates"":[]}"
5952_0,1,69.66583108520865,-51.98736851992718,"{""type"":""MultiPoint"",""coordinates"":[]}"
5979_0,4,71.2223702572261,-50.798675016993776,"{""type"":""MultiPoint"",""coordinates"":[]}"
6000_0,2,61.435019726565386,-46.44638161477168,"{""type"":""MultiPoint"",""coordinates"":[]}"
6003_0,1,62.4374887540131,-48.44276652038922,"{""type"":""MultiPoint"",""coordinates"":[]}"
6012_0,1,81.11087925376391,-59.29982610407404,"{""type"":""MultiPoint"",""coordinates"":[]}"
6018_0,4,75.92246985892973,-66.5674257687908,"{""type"":""MultiPoint"",""coordinates"":[]}"
6032_0,4,78.70464226320833,-66.2318945852409,"{""type"":""MultiPoint"",""coordinates"":[]}"
6034_0,2,67.6269863152352,-50.606265753777414,"{""type"":""MultiPoint"",""coordinates"":[]}"
6044_0,4,65.10375568507902,-49.429515228589416,"{""type"":""MultiPoint"",""coordinates"":[]}"
6071_0,1,60.50706596218695,-44.096079215184105,"{""type"":""MultiPoint"",""coordinates"":[]}"
6082_0,4,76.35556816791518,-61.13780341080944,"{""type"":""MultiPoint"",""coordinates"":[]}"
6090_0,2,66.36387798959852,-49.55816835532899,"{""type"":""MultiPoint"",""coordinates"":[]}"
6104_0,1,80.49982752347876,-61.34753188007765,"{""type"":""MultiPoint"",""coordinates"":[]}"
6105_0,1,70.14130717142807,-51.70721714945632,"{""type"":""MultiPoint"",""coordinates"":[]}"
6106_0,3,74.61524504683513,-55.66773822352092,"{""type"":""MultiPoint"",""coordinates"":[]}"
6129_0,4,62.02537492713081,-46.567196336438634,"{""type"":""MultiPoint"",""coordinates"":[]}"
6131_0,3,80.09067972969837,-61.98332623287266,"{""type"":""MultiPoint"",""coordinates"":[]}"
6133_0,2,69.86316274803666,-52.74466931676796,"{""type"":""MultiPoint"",""coordinates"":[]}"
6135_0,4,66.47225390473987,-51.29513134611471,"{""type"":""MultiPoint"",""coordinates"":[]}"
6138_0,4,63.28605538277227,-50.67207347572385,"{""type"":""MultiPoint"",""coordinates"":[]}"
6142_0,1,66.5588520444332,-49.28909783411996,"{""type"":""MultiPoint"",""coordinates"":[]}"
6149_0,2,65.83333710695207,-49.026748168129835,"{""type"":""MultiPoint"",""coordinates"":[]}"
6160_0,1,70.76188378327464,-53.01143145415539,"{""type"":""MultiPoint"",""coordinates"":[]}"
6166_0,4,66.8255072398411,-52.06998094952951,"{""type"":""MultiPoint"",""coordinates"":[]}"
6169_0,1,67.63349337212337,-51.340707645239206,"{""type"":""MultiPoint"",""coordinates"":[]}"
6182_0,2,66.93633249457487,-53.384262040282124,"{""type"":""MultiPoint"",""coordinates"":[]}"
6200_0,1,76.86329143317342,-69.74125812483797,"{""type"":""MultiPoint"",""coordinates"":[]}"
6207_0,1,72.30704822847238,-53.146883719865784,"{""type"":""MultiPoint"",""coordinates"":[]}"
6218_0,4,65.65124735089447,-50.28009419767768,"{""type"":""MultiPoint"",""coordinates"":[]}"
6219_0,1,64.71633946640846,-51.05912499899907,"{""type"":""MultiPoint"",""coordinates"":[]}"
6227_0,4,67.61557483166406,-49.85803269572788,"{""type"":""MultiPoint"",""coordinates"":[]}"
6228_0,4,65.59204448388263,-49.03708412509972,"{""type"":""MultiPoint"",""coordinates"":[]}"
6230_0,2,69.79878054247993,-53.39477488935643,"{""type"":""MultiPoint"",""coordinates"":[]}"
6233_0,3,67.68419159149734,-53.50425463422466,"{""type"":""MultiPoint"",""coordinates"":[]}"
6237_0,2,66.87814588299916,-49.25949279031406,"{""type"":""MultiPoint"",""coordinates"":[]}"
6240_0,2,74.03068588031282,-55.83741664698772,"{""type"":""MultiPoint"",""coordinates"":[]}"
6242_0,4,64.46624586660661,-49.920562238747586,"{""type"":""MultiPoint"",""coordinates"":[]}"
6248_0,2,61.57205463395006,-45.29361618714606,"{""type"":""MultiPoint"",""coordinates"":[]}"
6251_0,1,66.91833052489463,-51.65738280018885,"{""type"":""MultiPoint"",""coordinates"":[]}"
6268_0,4,69.62034721830513,-53.95846988004577,"{""type"":""MultiPoint"",""coordinates"":[]}"
6287_0,3,71.41803442716521,-51.00856276727344,"{""type"":""MultiPoint"",""coordinates"":[]}"
6305_0,2,69.68910726297602,-53.76007751996162,"{""type"":""MultiPoint"",""coordinates"":[]}"
6317_0,2,73.58937918133985,-54.23229601462524,"{""type"":""MultiPoint"",""coordinates"":[]}"
6320_0,4,61.221822466896626,-47.20266736416393,"{""type"":""MultiPoint"",""coordinates"":[]}"
6334_0,1,78.99593412048965,-66.58871936001637,"{""type"":""MultiPoint"",""coordinates"":[]}"
6336_0,2,64.44192922832515,-49.81352953383647,"{""type"":""MultiPoint"",""coordinates"":[]}"
6362_0,4,64.27805486383266,-49.2419988097914,"{""type"":""MultiPoint"",""coordinates"":[]}"
6373_0,2,76.57430214550531,-60.8144768322999,"{""type"":""MultiPoint"",""coordinates"":[]}"
6376_0,4,76.21899841612576,-66.72266658984854,"{""type"":""MultiPoint"",""coordinates"":[]}"
6384_0,2,75.75768143166242,-58.589014389108435,"{""type"":""MultiPoint"",""coordinates"":[]}"
6395_0,3,72.88952023966102,-54.642447835677345,"{""type"":""MultiPoint"",""coordinates"":[]}"
6398_0,2,80.14730275170257,-66.89190835986548,"{""type"":""MultiPoint"",""coordinates"":[]}"
6411_0,2,66.42815068834909,-51.93806030433203,"{""type"":""MultiPoint"",""coordinates"":[]}"
6418_0,2,61.59864271276397,-47.66066838193705,"{""type"":""MultiPoint"",""coordinates"":[]}"
6422_0,3,70.55723599138821,-50.590713638387946,"{""type"":""MultiPoint"",""coordinates"":[]}"
6430_0,2,80.1689695655967,-61.23809115908098,"{""type"":""MultiPoint"",""coordinates"":[]}"
6440_0,4,80.70800702153508,-59.37927837221804,"{""type"":""MultiPoint"",""coordinates"":[]}"
6442_0,4,75.99683661850308,-59.09915073497765,"{""type"":""MultiPoint"",""coordinates"":[]}"
6453_0,4,64.15311003477218,-49.749767447137685,"{""type"":""MultiPoint"",""coordinates"":[]}"
6455_0,4,63.162296583906596,-49.88663694559047,"{""type"":""MultiPoint"",""coordinates"":[]}"
6466_0,4,62.04119319395631,-46.55698077912422,"{""type"":""MultiPoint"",""coordinates"":[]}"
6468_0,4,60.35787459424343,-45.316007890316186,"{""type"":""MultiPoint"",""coordinates"":[]}"
6472_0,1,70.43472617852882,-52.593050634442015,"{""type"":""MultiPoint"",""coordinates"":[]}"
6477_0,1,66.55643651353482,-51.3274103005115,"{""type"":""MultiPoint"",""coordinates"":[]}"
6480_0,2,76.36234258775379,-69.49443844548668,"{""type"":""MultiPoint"",""coordinates"":[]}"
6482_0,1,62.482678356328954,-49.43950647592238,"{""type"":""MultiPoint"",""coordinates"":[]}"
6498_0,4,79.4734883852722,-64.87393595532865,"{""type"":""MultiPoint"",""coordinates"":[]}"
6507_0,4,65.9409277739397,-52.190338686646946,"{""type"":""MultiPoint"",""coordinates"":[]}"
6508_0,1,77.45065009490841,-65.13196738795908,"{""type"":""MultiPoint"",""coordinates"":[]}"
6511_0,4,67.58878858334519,-52.74637359889717,"{""type"":""MultiPoint"",""coordinates"":[]}"
6534_0,4,62.36197541856461,-47.60179476037387,"{""type"":""MultiPoint"",""coordinates"":[]}"
6537_0,1,67.76604901344588,-52.47335453890561,"{""type"":""MultiPoint"",""coordinates"":[]}"
6542_0,4,61.69495304141236,-48.6975780527616,"{""type"":""MultiPoint"",""coordinates"":[]}"
6543_0,2,78.94558915424436,-66.10600974287738,"{""type"":""MultiPoint"",""coordinates"":[]}"
6560_0,1,64.99608079815121,-50.484469577129175,"{""type"":""MultiPoint"",""coordinates"":[]}"
6569_0,1,75.45969925971261,-57.5747319322332,"{""type"":""MultiPoint"",""coordinates"":[]}"
6571_0,3,61.123755237927185,-45.31757896587557,"{""type"":""MultiPoint"",""coordinates"":[]}"
6572_0,4,65.26029972998673,-49.06146052919244,"{""type"":""MultiPoint"",""coordinates"":[]}"
6575_0,2,78.0066658678861,-69.53051521834499,"{""type"":""MultiPoint"",""coordinates"":[]}"
6580_0,3,72.2244048578994,-52.60147221522465,"{""type"":""MultiPoint"",""coordinates"":[]}"
6582_0,2,70.03332021260184,-53.5915986331236,"{""type"":""MultiPoint"",""coordinates"":[]}"
6588_0,3,66.18222709230317,-51.63474039724552,"{""type"":""MultiPoint"",""coordinates"":[]}"
6619_0,2,66.73192401522144,-50.75857898050379,"{""type"":""MultiPoint"",""coordinates"":[]}"
6623_0,2,65.91040866498359,-51.191519632869635,"{""type"":""MultiPoint"",""coordinates"":[]}"
6645_0,1,63.61022836874096,-51.311039126711066,"{""type"":""MultiPoint"",""coordinates"":[]}"
6648_0,2,77.93097439759224,-69.69187739381171,"{""type"":""MultiPoint"",""coordinates"":[]}"
6652_0,4,66.47321528840683,-50.58635630139375,"{""type"":""MultiPoint"",""coordinates"":[]}"
6653_0,4,66.48159710283058,-50.12493325468248,"{""type"":""MultiPoint"",""coordinates"":[]}"
6656_0,2,65.58780984990588,-50.540427715595996,"{""type"":""MultiPoint"",""coordinates"":[]}"
6662_0,3,77.13259494193058,-70.96269227988033,"{""type"":""MultiPoint"",""coordinates"":[]}"
6664_0,4,60.99729484538161,-45.22683144680716,"{""type"":""MultiPoint"",""coordinates"":[]}"
6665_0,3,66.06245819624176,-49.42911570568314,"{""type"":""MultiPoint"",""coordinates"":[]}"
6671_0,4,64.99419055186208,-49.78975967941524,"{""type"":""MultiPoint"",""coordinates"":[]}"
6699_0,2,66.50166822061239,-51.857588595131155,"{""type"":""MultiPoint"",""coordinates"":[]}"
6723_0,2,76.10125055639183,-59.356841475957296,"{""type"":""MultiPoint"",""coordinates"":[]}"
6727_0,2,76.4263051055829,-62.36767767295922,"{""type"":""MultiPoint"",""coordinates"":[]}"
6730_0,4,63.209845673705445,-49.03573032771288,"{""type"":""MultiPoint"",""coordinates"":[]}"
6731_0,3,77.36418191502511,-71.6564200323615,"{""type"":""MultiPoint"",""coordinates"":[]}"
6739_0,2,77.1923961813772,-66.42791103520372,"{""type"":""MultiPoint"",""coordinates"":[]}"
6741_0,2,64.32278522101234,-49.38378368891058,"{""type"":""MultiPoint"",""coordinates"":[]}"
6747_0,4,64.33590527468789,-50.09823415256929,"{""type"":""MultiPoint"",""coordinates"":[]}"
6757_0,4,77.03119239969308,-70.09541239395867,"{""type"":""MultiPoint"",""coordinates"":[]}"
6759_0,4,71.29895075849626,-52.8168187527628,"{""type"":""MultiPoint"",""coordinates"":[]}"
6762_0,4,78.72580398960221,-66.5452116128773,"{""type"":""MultiPoint"",""coordinates"":[]}"
6764_0,4,73.07301613439994,-52.79660843765519,"{""type"":""MultiPoint"",""coordinates"":[]}"
6765_0,2,69.70977723681803,-52.30457819327072,"{""type"":""MultiPoint"",""coordinates"":[]}"
6766_0,2,63.12241662929019,-49.44466531938894,"{""type"":""MultiPoint"",""coordinates"":[]}"
6768_0,4,69.66780624933266,-53.88614511201053,"{""type"":""MultiPoint"",""coordinates"":[]}"
6774_0,2,71.33994601391323,-51.96153068776176,"{""type"":""MultiPoint"",""coordinates"":[]}"
6776_0,4,61.230067472322744,-48.33938456450178,"{""type"":""MultiPoint"",""coordinates"":[]}"
6778_0,4,60.24901407795911,-44.71998460798139,"{""type"":""MultiPoint"",""coordinates"":[]}"
6790_0,1,66.18167002039345,-53.35741129369442,"{""type"":""MultiPoint"",""coordinates"":[]}"
6807_0,2,72.30552836925453,-52.43959268054815,"{""type"":""MultiPoint"",""coordinates"":[]}"
6817_0,2,77.7158340833414,-69.340996877685,"{""type"":""MultiPoint"",""coordinates"":[]}"
6823_0,2,73.44801348818774,-53.18845748390547,"{""type"":""MultiPoint"",""coordinates"":[]}"
6827_0,1,65.9195184611665,-49.62356416167459,"{""type"":""MultiPoint"",""coordinates"":[]}"
6831_0,2,73.78076593457612,-54.882600554686796,"{""type"":""MultiPoint"",""coordinates"":[]}"
6835_0,4,77.35410678807007,-65.81496941438715,"{""type"":""MultiPoint"",""coordinates"":[]}"
6837_0,1,77.28564692040186,-68.7045892379025,"{""type"":""MultiPoint"",""coordinates"":[]}"
6841_0,3,77.29810401888633,-68.11471971270218,"{""type"":""MultiPoint"",""coordinates"":[]}"
6846_0,3,67.30778617784047,-51.78445832714444,"{""type"":""MultiPoint"",""coordinates"":[]}"
6881_0,3,80.43020687146529,-61.16733933526634,"{""type"":""MultiPoint"",""coordinates"":[]}"
6886_0,2,63.75177381514109,-50.65717299599857,"{""type"":""MultiPoint"",""coordinates"":[]}"
6895_0,2,61.13593017442559,-46.84020246155386,"{""type"":""MultiPoint"",""coordinates"":[]}"
6897_0,2,64.68169311695262,-52.085483555315335,"{""type"":""MultiPoint"",""coordinates"":[]}"
6898_0,2,60.66453185261775,-43.190629327240764,"{""type"":""MultiPoint"",""coordinates"":[]}"
6900_0,1,78.84912265681099,-66.55289838358232,"{""type"":""MultiPoint"",""coordinates"":[]}"
6901_0,3,79.4598908915599,-63.6913253098573,"{""type"":""MultiPoint"",""coordinates"":[]}"
6905_0,2,75.04688491276357,-56.52104447176718,"{""type"":""MultiPoint"",""coordinates"":[]}"
6922_0,1,70.5769657720615,-52.53028033852905,"{""type"":""MultiPoint"",""coordinates"":[]}"
6944_0,3,69.07241680081023,-51.024317950942326,"{""type"":""MultiPoint"",""coordinates"":[]}"
6949_0,1,65.93540770978429,-52.91866846598962,"{""type"":""MultiPoint"",""coordinates"":[]}"
6957_0,2,70.2950680407375,-52.269786461531,"{""type"":""MultiPoint"",""coordinates"":[]}"
6962_0,1,61.122142771653515,-44.054456965783935,"{""type"":""MultiPoint"",""coordinates"":[]}"
6963_0,4,69.35485032885761,-49.46909421060469,"{""type"":""MultiPoint"",""coordinates"":[]}"
6980_0,2,61.72406496944353,-48.4810430237159,"{""type"":""MultiPoint"",""coordinates"":[]}"
6984_0,1,66.19218347577939,-49.25185029201721,"{""type"":""MultiPoint"",""coordinates"":[]}"
6987_0,1,71.39645003144695,-50.9504263151546,"{""type"":""MultiPoint"",""coordinates"":[]}"
6994_0,4,64.95711259082653,-50.262586135843996,"{""type"":""MultiPoint"",""coordinates"":[]}"
7000_0,1,76.43677524144078,-66.69976381345603,"{""type"":""MultiPoint"",""coordinates"":[]}"
7002_0,4,79.70857126321955,-61.42772555773231,"{""type"":""MultiPoint"",""coordinates"":[]}"
7009_0,3,69.50306096300835,-53.91606482946488,"{""type"":""MultiPoint"",""coordinates"":[]}"
7025_0,1,64.13255285270236,-49.37865244999722,"{""type"":""MultiPoint"",""coordinates"":[]}"
7029_0,4,78.20382239577931,-72.50234226070262,"{""type"":""MultiPoint"",""coordinates"":[]}"
7036_0,2,66.55965342525006,-52.5168248712132,"{""type"":""MultiPoint"",""coordinates"":[]}"
7045_0,4,64.93993758264621,-50.016818317462715,"{""type"":""MultiPoint"",""coordinates"":[]}"
7060_0,2,61.631065256341955,-46.17160053807889,"{""type"":""MultiPoint"",""coordinates"":[]}"
7073_0,2,61.8420659897335,-46.72242674845259,"{""type"":""MultiPoint"",""coordinates"":[]}"
7091_0,3,64.98107425643943,-50.88272168457744,"{""type"":""MultiPoint"",""coordinates"":[]}"
7105_0,4,69.76375236668687,-53.04520568472815,"{""type"":""MultiPoint"",""coordinates"":[]}"
7109_0,2,76.74484373626473,-65.23192334274289,"{""type"":""MultiPoint"",""coordinates"":[]}"
7117_0,3,65.35307104162845,-51.702055998584704,"{""type"":""MultiPoint"",""coordinates"":[]}"
7118_0,1,65.48578346044032,-51.0251404414575,"{""type"":""MultiPoint"",""coordinates"":[]}"
7123_0,2,73.54646773069088,-53.50313294646894,"{""type"":""MultiPoint"",""coordinates"":[]}"
7124_0,4,76.36027563724956,-60.702018751596526,"{""type"":""MultiPoint"",""coordinates"":[]}"
7127_0,4,66.55760643080971,-49.08799561300753,"{""type"":""MultiPoint"",""coordinates"":[]}"
7132_0,1,64.87309125817725,-49.39997694853287,"{""type"":""MultiPoint"",""coordinates"":[]}"
7133_0,3,71.94854146081958,-54.03367632547423,"{""type"":""MultiPoint"",""coordinates"":[]}"
7201_0,4,72.60797805029476,-53.681671288251536,"{""type"":""MultiPoint"",""coordinates"":[]}"
7213_0,1,66.07336257167047,-50.79235651445308,"{""type"":""MultiPoint"",""coordinates"":[]}"
7227_0,4,65.22458753317817,-52.46277519711108,"{""type"":""MultiPoint"",""coordinates"":[]}"
7248_0,4,63.481069044811505,-50.09717975168144,"{""type"":""MultiPoint"",""coordinates"":[]}"
7252_0,1,77.1578851558092,-65.31359140357486,"{""type"":""MultiPoint"",""coordinates"":[]}"
7263_0,2,64.03453190416508,-50.96276223126853,"{""type"":""MultiPoint"",""coordinates"":[]}"
7264_0,2,61.69079532981657,-48.425402712893586,"{""type"":""MultiPoint"",""coordinates"":[]}"
7267_0,4,79.39910364320401,-64.3161107802279,"{""type"":""MultiPoint"",""coordinates"":[]}"
7275_0,1,80.49813689822466,-63.979435547867865,"{""type"":""MultiPoint"",""coordinates"":[]}"
7282_0,4,79.99898667817374,-60.62436375306462,"{""type"":""MultiPoint"",""coordinates"":[]}"
7283_0,4,60.20959112124822,-45.00521044402878,"{""type"":""MultiPoint"",""coordinates"":[]}"
7291_0,3,72.09716501257151,-52.85982169413634,"{""type"":""MultiPoint"",""coordinates"":[]}"
7309_0,2,61.854225159480364,-48.316901345753074,"{""type"":""MultiPoint"",""coordinates"":[]}"
7328_0,4,69.6847305003817,-53.17967184021595,"{""type"":""MultiPoint"",""coordinates"":[]}"
7337_0,4,73.60384272381765,-54.78001124982591,"{""type"":""MultiPoint"",""coordinates"":[]}"
7346_0,1,78.945216517597,-68.11340543075774,"{""type"":""MultiPoint"",""coordinates"":[]}"
7359_0,4,65.7400021327073,-50.041129008514524,"{""type"":""MultiPoint"",""coordinates"":[]}"
7368_0,1,76.08763218478786,-67.66497949655259,"{""type"":""MultiPoint"",""coordinates"":[]}"
7375_0,2,66.87068857187697,-50.63087255710937,"{""type"":""MultiPoint"",""coordinates"":[]}"
7376_0,3,63.18611751459607,-49.90670503001761,"{""type"":""MultiPoint"",""coordinates"":[]}"
7379_0,2,67.58819271658992,-51.51986792078238,"{""type"":""MultiPoint"",""coordinates"":[]}"
7383_0,2,65.90318371348805,-51.19395499369073,"{""type"":""MultiPoint"",""coordinates"":[]}"
7402_0,3,69.90276704788327,-52.6709263425104,"{""type"":""MultiPoint"",""coordinates"":[]}"
7406_0,2,63.74014789732549,-49.573052769990454,"{""type"":""MultiPoint"",""coordinates"":[]}"
7428_0,1,66.84289277869489,-52.1890408254251,"{""type"":""MultiPoint"",""coordinates"":[]}"
7440_0,2,70.0314088882397,-53.90390149334046,"{""type"":""MultiPoint"",""coordinates"":[]}"
7448_0,3,63.77868720661446,-51.0738829821088,"{""type"":""MultiPoint"",""coordinates"":[]}"
7451_0,4,76.63758493500298,-62.32322665016592,"{""type"":""MultiPoint"",""coordinates"":[]}"
7456_0,3,63.326828827201304,-49.57384357228839,"{""type"":""MultiPoint"",""coordinates"":[]}"
7474_0,4,77.39580545960895,-64.9420368456104,"{""type"":""MultiPoint"",""coordinates"":[]}"
7481_0,1,64.3495495311744,-50.63085337794736,"{""type"":""MultiPoint"",""coordinates"":[]}"
7484_0,4,76.14396100504476,-60.54302472281235,"{""type"":""MultiPoint"",""coordinates"":[]}"
7493_0,4,68.83700977171588,-49.937512932915794,"{""type"":""MultiPoint"",""coordinates"":[]}"
7499_0,2,71.32603439021894,-51.51509848278739,"{""type"":""MultiPoint"",""coordinates"":[]}"
7506_0,3,79.68709261590942,-61.616440550052126,"{""type"":""MultiPoint"",""coordinates"":[]}"
7507_0,2,67.25464729349952,-53.835361458484606,"{""type"":""MultiPoint"",""coordinates"":[]}"
7520_0,1,63.88943957086649,-49.919958911371324,"{""type"":""MultiPoint"",""coordinates"":[]}"
7521_0,2,67.28801711643978,-52.524594647805486,"{""type"":""MultiPoint"",""coordinates"":[]}"
7532_0,3,60.950578622755245,-44.84487222987486,"{""type"":""MultiPoint"",""coordinates"":[]}"
7535_0,1,61.024806580539796,-44.279482541303786,"{""type"":""MultiPoint"",""coordinates"":[]}"
7539_0,2,62.545837228470724,-49.28703195257763,"{""type"":""MultiPoint"",""coordinates"":[]}"
7545_0,4,73.08618618819956,-53.53061206411947,"{""type"":""MultiPoint"",""coordinates"":[]}"
7559_0,2,76.73196982353384,-65.74512418277858,"{""type"":""MultiPoint"",""coordinates"":[]}"
7567_0,2,73.9046135878825,-54.71516474649473,"{""type"":""MultiPoint"",""coordinates"":[]}"
7576_0,1,66.15092145921065,-51.14602353914878,"{""type"":""MultiPoint"",""coordinates"":[]}"
7579_0,4,79.68502974209825,-62.69420794166485,"{""type"":""MultiPoint"",""coordinates"":[]}"
7586_0,2,71.05560784983645,-53.776671082412676,"{""type"":""MultiPoint"",""coordinates"":[]}"
7592_0,4,62.83465605122012,-49.03154065801522,"{""type"":""MultiPoint"",""coordinates"":[]}"
7594_0,4,62.74674142121204,-49.04095299060074,"{""type"":""MultiPoint"",""coordinates"":[]}"
7596_0,4,61.212197846432296,-44.64900451631437,"{""type"":""MultiPoint"",""coordinates"":[]}"
7598_0,1,78.9422983307436,-68.36641084849484,"{""type"":""MultiPoint"",""coordinates"":[]}"
7601_0,1,65.42448795261309,-50.22552826902135,"{""type"":""MultiPoint"",""coordinates"":[]}"
7603_0,2,73.90896591155199,-55.155562207979536,"{""type"":""MultiPoint"",""coordinates"":[]}"
7626_0,4,76.3630111888558,-61.76691944053362,"{""type"":""MultiPoint"",""coordinates"":[]}"
7631_0,1,78.1697864649265,-72.64710305582469,"{""type"":""MultiPoint"",""coordinates"":[]}"
7635_0,1,68.04738653767916,-52.26470353166513,"{""type"":""MultiPoint"",""coordinates"":[]}"
7638_0,2,70.61020589090911,-52.598036811284814,"{""type"":""MultiPoint"",""coordinates"":[]}"
7644_0,2,75.10673904073593,-56.756042211294506,"{""type"":""MultiPoint"",""coordinates"":[]}"
7653_0,4,80.69678860668465,-61.705221657644806,"{""type"":""MultiPoint"",""coordinates"":[]}"
7661_0,2,61.573840009244456,-45.70218606037532,"{""type"":""MultiPoint"",""coordinates"":[]}"
7665_0,3,72.38530505143837,-54.02777798009281,"{""type"":""MultiPoint"",""coordinates"":[]}"
7666_0,1,64.76042100853037,-50.659481840162485,"{""type"":""MultiPoint"",""coordinates"":[]}"
7672_0,4,62.660700250595816,-48.768847450743216,"{""type"":""MultiPoint"",""coordinates"":[]}"
7675_0,4,66.688370071571,-49.05323772563977,"{""type"":""MultiPoint"",""coordinates"":[]}"
7697_0,1,76.55422440724074,-63.43742572848475,"{""type"":""MultiPoint"",""coordinates"":[]}"
7700_0,2,60.98156809941255,-44.71974434860208,"{""type"":""MultiPoint"",""coordinates"":[]}"
7705_0,1,68.64578864222851,-50.51196927907142,"{""type"":""MultiPoint"",""coordinates"":[]}"
7717_0,4,80.52319512831944,-64.78755854562912,"{""type"":""MultiPoint"",""coordinates"":[]}"
7719_0,2,67.05696331877913,-49.17041288282938,"{""type"":""MultiPoint"",""coordinates"":[]}"
7722_0,1,73.56118655044048,-55.51382589214103,"{""type"":""MultiPoint"",""coordinates"":[]}"
7727_0,1,60.9595345941009,-47.62823645326064,"{""type"":""MultiPoint"",""coordinates"":[]}"
7749_0,1,76.45009176508607,-67.46890993718709,"{""type"":""MultiPoint"",""coordinates"":[]}"
7752_0,2,80.31857112002321,-67.2781463358892,"{""type"":""MultiPoint"",""coordinates"":[]}"
7754_0,3,72.41843301855064,-55.135273567823,"{""type"":""MultiPoint"",""coordinates"":[]}"
7762_0,2,68.86733529370554,-49.52249597352245,"{""type"":""MultiPoint"",""coordinates"":[]}"
7766_0,2,77.70677625660085,-70.55088586933472,"{""type"":""MultiPoint"",""coordinates"":[]}"
7775_0,3,69.65375072047998,-54.79779704049393,"{""type"":""MultiPoint"",""coordinates"":[]}"
7789_0,2,80.87470625227846,-59.792435940826174,"{""type"":""MultiPoint"",""coordinates"":[]}"
7798_0,1,68.64516224115671,-49.523433526774234,"{""type"":""MultiPoint"",""coordinates"":[]}"
7815_0,1,78.52267027590956,-70.91382739800962,"{""type"":""MultiPoint"",""coordinates"":[]}"
7821_0,4,69.6380737334208,-52.61010543138706,"{""type"":""MultiPoint"",""coordinates"":[]}"
7828_0,3,76.29507055427865,-67.38138878892903,"{""type"":""MultiPoint"",""coordinates"":[]}"
7829_0,2,70.47790138525762,-52.79986003155801,"{""type"":""MultiPoint"",""coordinates"":[]}"
7831_0,1,61.60458912142022,-48.330435162235105,"{""type"":""MultiPoint"",""coordinates"":[]}"
7848_0,1,80.67001441638803,-63.85355047954339,"{""type"":""MultiPoint"",""coordinates"":[]}"
7849_0,2,76.5797182450745,-61.769525478181556,"{""type"":""MultiPoint"",""coordinates"":[]}"
7869_0,3,63.90357430631966,-51.26844330792334,"{""type"":""MultiPoint"",""coordinates"":[]}"
7882_0,4,61.00200796595356,-45.409082734837476,"{""type"":""MultiPoint"",""coordinates"":[]}"
7892_0,2,67.86397513176358,-52.52646998304091,"{""type"":""MultiPoint"",""coordinates"":[]}"
7896_0,4,61.74966047979274,-46.46682453706813,"{""type"":""MultiPoint"",""coordinates"":[]}"
7901_0,2,60.83975043284665,-44.10307824317081,"{""type"":""MultiPoint"",""coordinates"":[]}"
7911_0,2,63.34783005531816,-50.1294609287852,"{""type"":""MultiPoint"",""coordinates"":[]}"
7912_0,2,80.98343617936673,-59.73343148384362,"{""type"":""MultiPoint"",""coordinates"":[]}"
7931_0,2,66.94807205187487,-51.392709861385974,"{""type"":""MultiPoint"",""coordinates"":[]}"
7935_0,3,63.45050076220235,-49.749171540732426,"{""type"":""MultiPoint"",""coordinates"":[]}"
7962_0,2,71.94996372345325,-54.15216366400165,"{""type"":""MultiPoint"",""coordinates"":[]}"
7971_0,4,73.91150795499823,-54.24911210845064,"{""type"":""MultiPoint"",""coordinates"":[]}"
7984_0,2,61.1559440453346,-47.54261105675406,"{""type"":""MultiPoint"",""coordinates"":[]}"
7996_0,3,63.64225480414449,-51.160263531786185,"{""type"":""MultiPoint"",""coordinates"":[]}"
7998_0,1,80.69771256330831,-65.43053513014249,"{""type"":""MultiPoint"",""coordinates"":[]}"
